,Company Number,Formation,Surface northing,Bottom hole northing,Surface easting,Bottom hole easting,Number of frac stages,Total slurry (bbl),Total proppant (lb),Lateral length (ft),Lateral azimuth (),IP oil (bbl),IP GOR,Cumulative oil (bbl),Cumulative days,IP oil API gravity ()
0,26,Turner,1.101721,1.10182975,1.051392,1.0512271000000002,,,,3831,75,96.0,0.0,784,185,
1,9,Turner,1.0919992500000002,1.0922782500000001,1.0566802,1.0567225,,,125124.0,3533,339,,,116902,1590,
2,8,Turner,1.0883322500000001,1.08802325,1.0543121,1.0542738999999999,12.0,,1992847.0,3754,163,472.0,7.5,157218,3024,52.2
3,8,Turner,1.08831725,1.0880185,1.0546218,1.0545589,13.0,36638.0,1992421.0,4000,152,183.0,11.0,109167,2832,
4,8,Turner,1.088386,1.08867,1.054247,1.0543352,13.0,,2027081.0,4072,322,232.0,9.1,79701,2634,
5,8,Turner,1.0887735,1.0890369999999998,1.0542421000000002,1.0543016,12.0,34490.0,2166923.0,3203,331,183.0,9.9,98814,2589,
6,8,Turner,1.0876554999999999,1.08792525,1.0543721000000001,1.0543948,11.0,33108.0,1857325.0,3381,348,132.0,11.3,114670,2754,50.6
7,8,Turner,1.08763025,1.08792675,1.0546474,1.0547098000000001,15.0,27470.0,1403780.0,3330,332,234.0,6.7,145320,2304,
8,8,Turner,1.089047,1.089393,1.0542414,1.0543170000000002,17.0,33151.0,1669927.0,3929,331,177.0,12.3,91058,2236,
9,8,Turner,1.08830075,1.088648,1.0546163,1.0547052,12.0,29463.0,1675897.0,3683,327,140.0,15.6,87611,2638,
10,8,Turner,1.088722,1.0884045,1.0546452,1.054537,11.0,,1686079.0,3363,140,101.0,15.3,58245,2533,
11,8,Turner,1.0879507499999999,1.087659,1.0546163999999998,1.0545537,16.0,,3329066.0,3646,152,270.0,6.5,124933,2246,
12,23,Turner,1.0945275,1.0942237499999998,1.0541211000000001,1.0540551999999999,15.0,21457.0,1674934.0,4115,152,208.0,1.0,97272,2669,38.7
13,8,Turner,1.087992,1.088299,1.054382,1.0544081,12.0,29362.0,1605390.0,3798,348,187.0,10.5,124463,2529,
14,9,Turner,1.09343525,1.0937480000000002,1.0570447,1.056973,13.0,,3169411.0,4214,30,312.0,0.5,410346,2395,
15,9,Turner,1.08911475,1.0894024999999998,1.0544564,1.0545063000000001,13.0,,2434997.0,3863,337,85.0,25.1,51929,2231,
16,23,Turner,1.093846,1.09412775,1.0539421000000002,1.0540023,14.0,,2098100.0,3810,332,320.0,1.1,103782,2620,38.2
17,23,Turner,1.09384625,1.09348675,1.0539345,1.0538523,14.0,,2342177.0,3684,150,476.0,1.2,141212,2440,39.0
18,9,Turner,1.09305425,1.093384,1.0567437,1.0566735,13.0,,2692953.0,4470,28,134.0,0.3,336956,2360,
19,8,Turner,1.0890365,1.08878575,1.0547798,1.0547342,11.0,25115.0,1415599.0,3469,156,135.0,16.8,65317,2399,
20,8,Turner,1.08762425,1.08792425,1.0548945,1.0549313,11.0,25798.0,1994773.0,3763,343,184.0,9.0,164345,1948,
21,8,Turner,1.0883265,1.0880115,1.0547572,1.0548146,26.0,59743.0,3633879.0,4559,204,237.0,7.3,106395,1502,
22,8,Turner,1.08762475,1.0872922500000002,1.0547715,1.0547341000000001,17.0,,2223248.0,3851,164,181.0,8.6,177189,2202,
23,8,Turner,1.08831,1.08802425,1.0546866000000001,1.054656,15.0,29205.0,1472986.0,3367,165,198.0,8.7,119050,2335,
24,8,Turner,1.0875825000000001,1.087278,1.0546903,1.0546625,18.0,47693.0,2439071.0,3975,167,52.0,61.1,74168,1626,
25,8,Turner,1.0886692500000001,1.08901775,1.0551113,1.0551313,16.0,26482.0,1527751.0,3580,352,240.0,7.7,164027,2091,
26,23,Turner,1.094187,1.09385325,1.0541021000000002,1.0540535,14.0,,2302832.0,3304,160,203.0,1.4,146391,2478,38.2
27,23,Turner,1.094517,1.0948555,1.0539393000000001,1.054,14.0,,2342177.0,3642,336,0.0,,120780,2502,
28,9,Turner,1.0912587500000002,1.0915564999999998,1.0558222,1.055756,13.0,,1807999.0,3951,29,640.0,1.3,270007,1976,
29,8,Turner,1.0882982499999998,1.0880162500000001,1.0552129,1.0551678999999998,16.0,22269.0,1604991.0,3546,158,6.0,250.0,200242,2061,
30,23,Turner,1.093048,1.0927675000000001,1.0545174,1.0544541,14.0,,2379782.0,3507,151,93.0,2.3,107218,2390,38.7
31,23,Turner,1.0930525,1.0927695,1.0544183999999999,1.0543521,14.0,37107.0,1987080.0,3865,150,362.0,1.0,105266,2205,39.0
32,23,Turner,1.0930662500000001,1.093117,1.0544183999999999,1.0546095,14.0,43945.0,2305380.0,4355,276,343.0,1.0,98778,2201,35.1
33,5,Turner,1.0919257500000001,1.0916377499999999,1.0565284,1.0564716,16.0,43311.0,3188943.0,3495,154,508.0,1.3,192733,1973,43.0
34,8,Turner,1.0886692500000001,1.0883995,1.0551104,1.0550575,16.0,29824.0,1487056.0,3358,154,212.0,8.2,208859,2147,
35,8,Turner,1.0883212500000001,1.088022,1.0549731000000002,1.0549341,12.0,27568.0,3171633.0,3716,162,199.0,8.7,177871,1963,
36,8,Turner,1.08836325,1.0886372500000001,1.0554929,1.0555352,10.0,49395.0,2640700.0,3418,339,230.0,7.2,154722,1634,
37,8,Turner,1.08765,1.08729425,1.0544876,1.0544779,16.0,,1620287.0,3740,176,315.0,5.5,170478,2260,
38,9,Turner,1.0919295,1.0916135,1.0559735000000001,1.0560156,13.0,,2041871.0,3945,198,546.0,1.1,276913,2335,
39,23,Turner,1.0952092500000001,1.095105,1.0556241000000002,1.0552494,14.0,,2331755.0,3595,96,0.0,,5092,1011,
40,23,Turner,1.0956055,1.095315,1.0540138000000001,1.0539515,14.0,,2327840.0,3462,152,181.0,3.3,211814,2405,35.8
41,1,Turner,1.08798325,1.0879075,1.0542905,1.0540643,12.0,24083.0,2990307.0,3734,98,93.0,14.9,44559,1847,
42,8,Turner,1.08834575,1.08763425,1.0553759999999999,1.0554193,55.0,138346.0,4025080.0,9547,189,242.0,8.1,421823,1354,
43,8,Turner,1.08871875,1.0890239999999998,1.0548909,1.054934,18.0,21853.0,1639635.0,3978,341,165.0,9.4,74293,2017,
44,8,Turner,1.088722,1.08903325,1.0545488,1.0546037,18.0,19015.0,1414602.0,4026,336,60.0,24.2,79947,2086,
45,23,Turner,1.09451775,1.09420625,1.0539112,1.0539003999999998,14.0,,1204819.0,3774,175,0.0,,87258,2304,
46,9,Turner,1.0934374999999998,1.09375175,1.0569444,1.0568727,13.0,,1810911.0,4186,30,631.0,0.5,304300,2143,
47,7,Turner,1.09452175,1.09422,1.0546630000000001,1.0546503,15.0,,1746284.0,3202,174,339.0,0.8,159002,2281,
48,8,Turner,1.08947225,1.0894914999999998,1.0544908999999998,1.054359,11.0,27902.0,1008420.0,2308,87,76.0,19.6,22258,1723,
49,23,Turner,1.094566,1.09485925,1.0542378000000001,1.0543022,15.0,,1314711.0,3990,331,17.0,2.6,127364,2350,36.4
50,23,Turner,1.0941880000000002,1.0944939999999999,1.0542353999999998,1.0543007,10.0,,2778060.0,3588,332,326.0,0.2,152141,2147,37.8
51,9,Turner,1.09378175,1.09411425,1.0570425,1.0569697,13.0,,1789068.0,4352,29,467.0,0.5,252449,1872,36.8
52,9,Turner,1.09412925,1.0938067500000002,1.0571639,1.0572358999999998,13.0,,1985912.0,4176,209,213.0,0.5,198719,1916,35.5
53,1,Turner,1.0883255,1.088028,1.0539653,1.0539393000000001,17.0,,1656000.0,3583,168,148.0,11.1,89295,2251,53.0
54,9,Turner,1.09271675,1.0923580000000002,1.0565586999999999,1.0566361,13.0,30396.0,1994812.0,4413,208,897.0,0.8,246849,1449,39.6
55,23,Turner,1.0951667500000002,1.0951914999999999,1.0550446,1.0548416,10.0,,2499080.0,4287,87,30.0,1.2,14257,1781,35.1
56,5,Turner,1.091237,1.09155,1.0566563,1.0566917,17.0,44187.0,3266032.0,3755,344,1901.0,0.8,234261,1698,38.6
57,5,Turner,1.090852,1.0905610000000001,1.0555421,1.0555629,16.0,,3153629.0,3421,190,712.0,2.1,308054,1926,32.6
58,5,Turner,1.0916065,1.09191925,1.0562551999999998,1.0562912,16.0,46750.0,3150810.0,3720,344,549.0,0.7,241573,1738,
59,5,Turner,1.0908719999999998,1.090943,1.0560363000000001,1.0558616,15.0,38225.0,3029292.0,3903,81,1332.0,1.1,335372,1648,46.0
60,5,Turner,1.0911994999999999,1.0908875,1.0566361,1.0566026000000002,17.0,44889.0,3401420.0,3519,165,1358.0,1.7,266574,1537,42.0
61,9,Turner,1.0930285000000002,1.09271875,1.05657,1.0566339,13.0,,1758969.0,3972,207,796.0,0.7,267259,1960,38.9
62,9,Turner,1.094125,1.0938044999999998,1.0572643000000002,1.057337,13.0,,1806998.0,4216,210,232.0,0.5,143596,1853,35.5
63,9,Turner,1.0934445,1.0937462500000001,1.0571433000000001,1.0570723000000002,13.0,,1691561.0,3895,30,533.0,0.5,299629,1957,36.7
64,8,Turner,1.0890895,1.089406,1.0548578,1.0548635,16.0,16499.0,1526694.0,3927,357,159.0,11.4,71517,1969,
65,9,Turner,1.09339425,1.093078,1.0569745,1.0570292,13.0,30050.0,2016401.0,4136,203,592.0,0.4,297670,1469,36.6
66,9,Turner,1.09339425,1.0930787499999999,1.0568761,1.056939,13.0,,2036448.0,4117,206,554.0,0.5,344906,2025,36.8
67,9,Turner,1.0934355,1.09374275,1.0573453000000002,1.0572759999999999,13.0,,1748340.0,4048,29,216.0,0.4,183653,1624,
68,9,Turner,1.0923435000000001,1.09265425,1.0567386,1.0566752,13.0,31308.0,1995154.0,3929,27,993.0,0.6,216535,1447,39.6
69,7,Wall Creek,1.0893995,1.0897092499999999,1.0599911000000002,1.0600037,19.0,62405.0,3311084.0,3651,354,1042.0,0.8,158159,2026,40.0
70,1,Turner,1.0883939999999999,1.0884005,1.0542468999999999,1.0540585,18.0,59264.0,3310015.0,3968,89,80.0,11.0,26377,1882,
71,1,Turner,1.0883924999999999,1.0880157499999998,1.0542468999999999,1.0540598,17.0,48069.0,2314935.0,5699,129,67.0,0.1,37596,1903,
72,7,Turner,1.09451475,1.094204,1.055128,1.0551032,20.0,4110.0,2533850.0,3750,169,83.0,1.4,24168,1005,40.0
73,7,Turner,1.09448825,1.0941827499999999,1.0566481,1.0566698,15.0,,3123893.0,4020,190,672.0,0.4,173169,1701,37.8
74,7,Turner,1.09417525,1.0938572500000001,1.0547778,1.0547488,17.0,51151.0,3390332.0,4004,167,504.0,1.1,144985,1910,36.1
75,9,Turner,1.093398,1.0930742500000001,1.0572742,1.0573278000000002,13.0,,1955223.0,4185,202,512.0,0.5,235822,1639,37.6
76,9,Turner,1.090544,1.09086,1.055325,1.0552583999999998,13.0,31688.0,1932053.0,4210,28,415.0,2.5,97039,1323,47.6
77,1,Turner,1.0887689999999999,1.08878325,1.0542395,1.0540508999999998,17.0,36340.0,1606184.0,3719,88,123.0,13.7,58930,1946,
78,9,Turner,1.0926532500000001,1.09234875,1.0571732,1.05724,12.0,29062.0,1385368.0,4132,209,496.0,0.4,122905,1473,40.0
79,9,Turner,1.09302875,1.092719,1.0567737,1.0568373000000002,13.0,,1893777.0,4008,207,625.0,0.5,263200,1427,38.5
80,9,Turner,1.0930282500000001,1.0927122500000002,1.0560548,1.0561359,,,2004240.0,4133,213,302.0,0.6,153418,1593,38.4
81,22,Turner,1.0923114999999999,1.0926420000000001,1.0574228,1.0574251000000001,14.0,58324.0,3935120.0,3816,359,1264.0,0.6,167965,1524,42.0
82,22,Wall Creek,1.0904960000000001,1.090818,1.0580880000000001,1.0581271,14.0,58839.0,3920000.0,4158,343,1956.0,1.8,277520,1533,
83,22,Wall Creek,1.090513,1.09081925,1.0574306000000002,1.0574276999999999,14.0,,3928880.0,3873,1,2607.0,1.6,297188,1753,47.0
84,22,Wall Creek,1.0912425000000001,1.0915365,1.057449,1.0574271,14.0,57497.0,3689169.0,3658,11,407.0,0.9,85635,1601,41.0
85,5,Turner,1.0910565,1.09112375,1.056435,1.0562722,17.0,44572.0,3378943.0,3718,81,1445.0,0.7,278798,1623,42.0
86,7,Turner,1.0938047499999999,1.09347625,1.0546049,1.0546028,15.0,36512.0,3185024.0,4184,179,447.0,0.9,86466,1884,36.0
87,8,Turner,1.08901825,1.0883610000000001,1.0555706,1.0555621000000002,40.0,186075.0,15232117.0,9474,178,1144.0,3.8,464402,698,51.7
88,8,Turner,1.0890185000000001,1.0893905,1.0555724,1.0555686000000002,19.0,60567.0,4521539.0,4367,1,1392.0,5.1,123132,757,51.5
89,8,Turner,1.08902075,1.0893915,1.0554985000000001,1.0554596,18.0,67501.0,5169190.0,4348,15,600.0,4.2,173590,664,54.0
90,7,Turner,1.0945225,1.094211,1.0549812,1.0550028999999999,17.0,50418.0,3768440.0,4182,190,138.0,0.7,50739,1316,35.3
91,7,Turner,1.094152,1.093817,1.056647,1.0566239,10.0,34475.0,3703000.0,3815,170,43.0,0.6,181220,1831,36.5
92,9,Turner,1.09378525,1.0941177500000001,1.0569435,1.0568686999999999,13.0,,2008107.0,4293,29,468.0,0.5,186118,1543,38.2
93,9,Turner,1.0912495,1.09156275,1.0557221,1.055655,13.0,,1975737.0,3970,28,662.0,1.3,168725,1729,42.1
94,5,Turner,1.09193725,1.0916335,1.056702,1.0567316,17.0,43043.0,3387498.0,3521,194,1229.0,0.5,204656,1491,39.7
95,2,Wall Creek,1.0904512499999999,1.0901585,1.0575275,1.0575312,18.0,114364.0,6862458.0,4297,182,642.0,3.3,28688,255,45.3
96,7,Wall Creek,1.0893694999999999,1.0890532499999999,1.0599444,1.0599503,15.0,,4378757.0,3975,183,60.0,2.3,62949,1664,40.0
97,9,Turner,1.09231325,1.0919865,1.0561581000000002,1.056226,13.0,26521.0,1674866.0,4304,207,878.0,0.9,253802,1874,41.7
98,8,Turner,1.08902075,1.0883615,1.0554976,1.0554646,35.0,169769.0,13236380.0,8800,173,1150.0,5.9,190539,317,51.5
99,8,Turner,1.08902075,1.089397,1.0554994,1.0555098,18.0,59598.0,4289660.0,4397,356,552.0,1.6,115179,686,53.7
100,8,Turner,1.0890185000000001,1.08938125,1.0555733,1.0556188,18.0,62928.0,5151646.0,4292,343,715.0,4.5,144027,718,51.7
101,5,Turner,1.09125625,1.0913107499999999,1.0564324999999999,1.056261,17.0,42523.0,3412063.0,3456,83,1170.0,0.4,189239,1383,42.2
102,7,Wall Creek,1.089372,1.0897245,1.0599433,1.0598964,14.0,,3936100.0,4050,18,279.0,2.1,90308,1714,41.0
103,7,Wall Creek,1.089028,1.08869225,1.0598648,1.0598008,14.0,,6016190.0,4375,155,55.0,0.4,123354,1514,38.0
104,7,Wall Creek,1.08902875,1.08935525,1.059863,1.0597997,10.0,,4079775.0,3592,26,346.0,0.6,60597,1722,38.0
105,7,Turner,1.0930647500000001,1.092737,1.0551875,1.0551589,11.0,38073.0,3563459.0,3856,168,53.0,1.1,122650,1834,
106,9,Turner,1.0933975,1.0930819999999999,1.0567751,1.0568396000000002,13.0,,1759862.0,4091,207,320.0,0.5,263943,1688,37.6
107,28,Turner,1.09196025,1.092285,1.0560904,1.056121,20.0,48560.0,3748854.0,4203,347,762.0,0.8,189302,1069,42.0
108,7,Turner,1.0938027499999998,1.093475,1.0544869,1.0544894999999999,15.0,54563.0,3549256.0,4099,181,432.0,1.1,144653,1892,37.0
109,5,Turner,1.0912665,1.09155125,1.0565600000000002,1.0565679,13.0,32412.0,2562512.0,2450,356,1077.0,0.7,137164,1717,38.6
110,18,Turner,1.094884,1.09456725,1.0532255000000001,1.0533008000000001,19.0,,3135752.0,4566,211,34.0,0.8,85555,1392,36.0
111,7,Turner,1.0937592500000002,1.09412175,1.0566545,1.0567323,13.0,41495.0,4021363.0,4618,332,47.0,0.8,203407,1766,37.5
112,28,Turner,1.0919605000000001,1.0922800000000001,1.0559906000000001,1.056016,19.0,45355.0,3554400.0,4135,349,844.0,0.8,198824,1176,41.0
113,7,Turner,1.0934317500000001,1.0937492500000001,1.05609,1.0560608999999999,10.0,44622.0,4388700.0,3365,13,89.0,0.5,132043,1580,39.0
114,5,Turner,1.091566,1.09126525,1.0568756000000001,1.0568969,17.0,40826.0,3194429.0,3082,190,1001.0,0.6,187606,1563,38.0
115,7,Turner,1.09452775,1.09421275,1.0548538,1.0548533999999998,,,8497015.0,3925,180,77.0,0.4,146801,1171,39.0
116,5,Turner,1.0915985000000001,1.091901,1.0568984,1.0568798999999998,17.0,46248.0,3398694.0,3065,9,1567.0,0.5,234460,1567,41.4
117,7,Turner,1.094892,1.0945449999999999,1.056923,1.0569217,12.0,77894.0,3359080.0,4126,179,9.0,0.0,17233,769,37.5
118,7,Turner,1.0945052499999999,1.0941857499999998,1.056774,1.0567746,11.0,44494.0,4154450.0,3792,180,25.0,0.0,117222,1638,38.0
119,7,Turner,1.09452425,1.094839,1.0568384,1.0568229,10.0,,3925317.0,3860,7,57.0,0.0,16200,741,39.0
120,7,Turner,1.0941475,1.093816,1.0568397,1.0567785,11.0,,3574088.0,4342,155,27.0,0.0,217764,1682,
121,8,Turner,1.08942625,1.08974075,1.0558157,1.0557444,20.0,71563.0,5746523.0,4669,30,874.0,4.2,132394,723,47.8
122,9,Turner,1.09340025,1.0930792500000002,1.0565058,1.0565443,13.0,,1966265.0,3916,197,458.0,0.6,214930,1696,39.1
123,8,Turner,1.08942775,1.0897415,1.0556598999999998,1.0556657,17.0,68865.0,4877340.0,4031,357,562.0,4.2,131536,728,54.0
124,9,Turner,1.0916074999999998,1.09127775,1.0554976,1.0555133,13.0,32103.0,1977313.0,4179,187,299.0,1.6,60097,1424,43.0
125,8,Turner,1.0912419999999998,1.0909274999999998,1.0552864,1.0552593000000001,18.0,92725.0,5033645.0,4168,168,426.0,2.4,98027,1477,
126,9,Turner,1.09156675,1.09126175,1.0558576000000002,1.0559222,13.0,,1975491.0,3954,208,855.0,1.3,247844,1783,43.4
127,23,Turner,1.094176,1.09347625,1.0536634,1.0536594,32.0,85100.0,6179060.0,9375,179,441.0,0.0,109492,1553,32.9
128,23,Turner,1.0941664999999998,1.0948585000000002,1.053658,1.0536641000000002,30.0,77154.0,5364584.0,8871,359,292.0,0.9,130067,1224,36.6
129,9,Turner,1.0949025000000001,1.0945639999999999,1.0550398,1.0551196999999999,13.0,,1934496.0,4223,211,97.0,0.9,15758,498,34.8
130,7,Turner,1.0927042500000002,1.092382,1.0550578,1.0550578,12.0,41031.0,4507633.0,4033,180,127.0,1.6,78463,1293,39.0
131,9,Turner,1.0915977499999998,1.0919269999999999,1.0557155,1.0556545,13.0,27996.0,1977893.0,4320,25,529.0,1.1,151559,1564,42.2
132,5,Turner,1.091542,1.09127725,1.0560623999999998,1.0560841,17.0,40398.0,3397136.0,2928,192,1358.0,1.0,222265,1112,42.3
133,22,Turner,1.0912419999999998,1.0915089999999998,1.0571727,1.0571723999999998,14.0,57931.0,3935680.0,3028,0,2256.0,0.9,182732,1385,
134,22,Wall Creek,1.090511,1.0908205,1.0575626,1.0575797,14.0,56004.0,3934120.0,3360,352,1559.0,2.2,143888,1307,47.7
135,9,Turner,1.09414075,1.0944805,1.05724,1.0571704,13.0,,2030140.0,4410,27,48.0,0.9,15642,467,36.2
136,7,Turner,1.09342975,1.0931125,1.0551858,1.0551598999999998,11.0,,4397491.0,3874,168,118.0,0.4,64318,1035,39.0
137,7,Turner,1.0930825,1.0934235,1.0550797,1.055064,12.0,,4683293.0,4261,7,155.0,0.7,76589,1363,39.0
138,7,Turner,1.0930825,1.09274325,1.0550778,1.0550525,11.0,,4318540.0,4152,169,187.0,1.5,127706,1427,39.0
139,9,Turner,1.0926952499999998,1.09300725,1.0560288999999998,1.0559578,13.0,,2012636.0,4188,30,266.0,0.5,99691,1551,40.6
140,9,Turner,1.0933899999999999,1.0930802499999999,1.0560542,1.0561361,13.0,48395.0,2032585.0,4307,213,211.0,0.8,94399,1357,39.2
141,7,Wall Creek,1.088664,1.08932275,1.0600063,1.0600593,6.0,,11940247.0,8723,349,412.0,1.2,247488,1657,39.0
142,9,Turner,1.0919444999999999,1.09161725,1.0560517,1.056122,13.0,28367.0,1945033.0,4481,208,788.0,1.0,239929,1530,41.9
143,22,Wall Creek,1.08978625,1.0900897500000002,1.0579018,1.0578885,14.0,55341.0,3958080.0,3717,6,2644.0,3.6,504728,1255,
144,22,Turner,1.08949125,1.0897677499999998,1.0539591000000001,1.0540065,28.0,70345.0,4004240.0,3822,337,341.0,22.6,51176,497,
145,22,Turner,1.08981625,1.09013175,1.0550638,1.0550620000000002,14.0,56570.0,3933600.0,3911,1,1342.0,2.8,175283,1222,
146,22,Wall Creek,1.09088575,1.09117975,1.0575072,1.057531,14.0,57014.0,3938719.0,3781,349,1092.0,0.7,69467,1412,
147,22,Turner,1.0919717500000001,1.092285,1.0562598,1.056272,14.0,58324.0,3929974.0,3338,354,1197.0,0.8,256005,1542,42.0
148,22,Turner,1.0919717500000001,1.0922830000000001,1.0563581,1.0563703999999998,14.0,57043.0,3972528.0,3584,354,2005.0,0.6,367970,1513,
149,18,Turner,1.09564,1.0953187500000001,1.0537242,1.0537836,17.0,,3340020.0,4143,205,578.0,0.7,226875,1688,36.7
150,22,Turner,1.09199725,1.0922857499999998,1.0555473,1.0556132,14.0,58494.0,3933316.0,4236,330,238.0,2.4,50282,971,
151,9,Turner,1.093024,1.0927082499999998,1.0572704,1.0573391,13.0,31688.0,1932053.0,4175,209,655.0,0.4,208802,1403,39.6
152,18,Turner,1.09488725,1.0952365,1.0532255000000001,1.0531374,18.0,,3592870.0,4566,32,0.0,,124944,1376,36.0
153,1,Turner,1.087588,1.08730325,1.0544414,1.0540793000000002,49.0,159907.0,6305640.0,9660,107,218.0,6.8,162218,1620,
154,7,Turner,1.09127975,1.0915765,1.0550615,1.0551354,17.0,35606.0,3062500.0,3923,328,473.0,2.9,45914,1258,40.2
155,22,Turner,1.08982125,1.09013325,1.0540439,1.054055,14.0,57895.0,3937894.0,4417,355,755.0,18.9,97329,1545,49.9
156,22,Turner,1.09093375,1.09124125,1.054449,1.0544505,14.0,57957.0,3920000.0,3751,359,88.0,39.6,8041,1397,
157,8,Turner,1.0890402499999998,1.089765,1.0542414,1.0542081,54.0,123411.0,3945100.0,9322,7,99.0,16.1,113661,1499,
158,22,Wall Creek,1.09015525,1.0904525,1.0574394,1.057431,28.0,62765.0,4004020.0,3792,4,1776.0,1.5,204199,957,
159,5,Turner,1.09014225,1.0904500000000001,1.055885,1.0558669999999999,17.0,47275.0,3486945.0,3126,8,2629.0,0.6,399709,1582,44.7
160,9,Wall Creek,1.0897602499999999,1.08943125,1.0574676,1.0575389,14.0,,3692758.0,4482,208,723.0,3.2,164849,1225,46.6
161,22,Wall Creek,1.09083925,1.0905257499999998,1.0572806000000001,1.0572748,14.0,55029.0,3935174.0,3431,177,628.0,1.4,85320,1385,
162,9,Turner,1.09193575,1.0922839999999998,1.0565541999999999,1.0564684,13.0,,3614243.0,4493,32,1196.0,0.8,296155,1325,40.6
163,22,Turner,1.09086825,1.091184,1.0570671000000003,1.0570796000000002,28.0,64445.0,3999340.0,3886,354,849.0,1.5,85391,1007,41.6
164,22,Turner,1.09118575,1.09088675,1.0568865,1.056876,28.0,64905.0,4004940.0,3954,175,1650.0,1.3,158233,1029,
165,9,Turner,1.090543,1.0908585,1.0554276000000002,1.0553478,13.0,,1992993.0,4363,32,722.0,1.7,114255,1214,45.3
166,7,Turner,1.094504,1.0941800000000002,1.0565839,1.0565749,12.0,,4473680.0,3961,176,19.0,0.0,128641,1350,39.0
167,7,Turner,1.09378975,1.09411675,1.0565273,1.0565243999999998,11.0,,4715100.0,3991,1,95.0,2.0,216929,1479,39.0
168,9,Turner,1.0941632499999998,1.09380925,1.0570595,1.057143,13.0,32136.0,1935384.0,4558,211,169.0,0.4,145694,1440,36.6
169,9,Turner,1.09304325,1.0927132499999999,1.0568704,1.0569392,13.0,,1993335.0,4485,208,720.0,0.5,271151,1459,37.4
170,8,Turner,1.08942625,1.0897394999999999,1.0558166000000002,1.0558192,18.0,63658.0,5168171.0,4205,359,827.0,4.2,116689,731,47.8
171,21,Wall Creek,1.08828,1.0875775,1.0600111,1.0600277,30.0,107256.0,6004440.0,9535,183,1215.0,0.9,170393,956,39.5
172,9,Turner,1.093399,1.0930752499999998,1.0563627,1.0564335,13.0,,1989936.0,4420,209,433.0,0.6,155605,1209,38.2
173,9,Turner,1.0930567500000001,1.0933860000000002,1.0566432,1.0565752,12.0,,1897511.0,4212,27,364.0,0.5,131298,1351,37.4
174,7,Turner,1.092327,1.091645,1.0551841,1.0551603999999999,24.0,,10306620.0,8924,175,673.0,0.9,116426,1042,39.0
175,7,Turner,1.0923612500000002,1.0926765,1.0552815,1.0552697,11.0,,4348227.0,3892,5,448.0,0.8,48713,1160,39.0
176,7,Turner,1.0923557499999998,1.0926725,1.0553848000000001,1.0553607,11.0,,4624488.0,3970,11,,,60302,1299,
177,7,Turner,1.09235725,1.092674,1.0551909,1.0551591,12.0,,4676020.0,3795,14,117.0,1.0,78315,1453,39.0
178,7,Turner,1.09342875,1.09271825,1.0553854,1.0553584999999999,24.0,,10401120.0,9502,175,622.0,0.9,167712,1122,39.0
179,9,Turner,1.09231925,1.092647,1.0561317,1.0560608999999999,13.0,,2011560.0,4261,28,432.0,0.7,183271,1493,39.2
180,7,Turner,1.09419375,1.09385375,1.0546816,1.054651,12.0,,4959940.0,4222,167,663.0,0.4,262145,1539,39.0
181,7,Turner,1.0934475000000001,1.0927229999999999,1.0552947,1.0552594,40.0,,10360280.0,9565,173,205.0,1.6,146542,1168,39.0
182,8,Turner,1.0894712500000001,1.0901385000000001,1.0545558999999998,1.0546126,47.0,172706.0,8649700.0,9529,348,91.0,15.2,112637,1236,53.2
183,9,Turner,1.09305,1.093383,1.0571355,1.0570758,13.0,,1960308.0,4403,24,755.0,0.6,285427,1290,36.5
184,9,Turner,1.09233,1.0926445,1.056029,1.0559611000000002,13.0,,1982817.0,3972,28,285.0,0.8,112001,1312,39.8
185,9,Turner,1.0927042500000002,1.0923455,1.056967,1.0570366000000002,13.0,,2009898.0,4464,206,604.0,0.5,182223,1455,39.9
186,9,Turner,1.0915905000000001,1.0912675,1.0555937,1.0556187,13.0,30818.0,1972873.0,3977,191,332.0,1.1,90677,1425,41.3
187,9,Turner,1.09193875,1.0922260000000001,1.0556919999999999,1.0556717,13.0,30439.0,1966059.0,2902,10,142.0,0.7,62788,1360,39.0
188,9,Turner,1.0923565,1.092651,1.0564319,1.0564223,13.0,30904.0,1993271.0,3436,5,466.0,0.8,171684,1380,38.7
189,9,Turner,1.093435,1.0937510000000001,1.0565432,1.0564695,13.0,,1945417.0,4088,30,305.0,0.4,155385,1382,38.0
190,9,Turner,1.09268625,1.09301075,1.0565379,1.0564702,13.0,,1977232.0,4297,28,483.0,0.6,179907,1441,39.0
191,9,Turner,1.09343725,1.0937495,1.0564372,1.0563679,13.0,31056.0,1989540.0,4015,29,523.0,0.6,145102,1350,39.5
192,22,Wall Creek,1.0908565,1.09118,1.0578130000000001,1.057821,14.0,55092.0,3935874.0,3974,356,3203.0,1.4,331059,1450,42.9
193,22,Wall Creek,1.0919775,1.092275,1.0579856,1.057974,28.0,66902.0,4004280.0,3906,6,984.0,0.8,85768,995,
194,9,Turner,1.091192,1.0911814999999998,1.0558299,1.0560226000000001,13.0,,1980624.0,4073,269,741.0,1.4,156844,1203,43.2
195,22,Wall Creek,1.09085625,1.0911792500000002,1.0575955000000001,1.0575839999999999,14.0,59266.0,4007065.0,3921,5,1190.0,1.0,146465,1449,41.9
196,5,Turner,1.08943575,1.089757,1.0555485,1.0555629,21.0,45523.0,3401761.0,3634,354,877.0,4.5,187636,1217,48.7
197,9,Turner,1.09339625,1.0937435,1.0572517,1.0571623,13.0,,2023024.0,4365,33,415.0,0.5,223823,1280,39.8
198,5,Turner,1.090181,1.0904814999999999,1.0551835,1.0551475000000001,17.0,40594.0,3388467.0,3281,17,1182.0,2.1,125005,1360,43.7
199,5,Turner,1.09011825,1.0898115,1.0556573999999999,1.0556806,32.0,44858.0,3383363.0,3440,191,1472.0,2.2,208252,891,46.8
200,2,Wall Creek,1.09045025,1.09015925,1.0575274,1.0574814,19.0,92271.0,3803100.0,4261,158,713.0,2.0,33248,240,45.8
201,9,Turner,1.0926992500000001,1.0930149999999998,1.057043,1.0569539,13.0,,1326402.0,4092,35,505.0,0.6,236546,1240,39.8
202,8,Turner,1.09014875,1.08983,1.0550083000000001,1.0550108999999999,22.0,126361.0,13203900.0,4315,181,350.0,4.2,77833,765,47.2
203,9,Turner,1.09267925,1.09301125,1.0572476,1.0571779,17.0,89256.0,6381520.0,4180,28,996.0,0.4,101796,162,40.1
204,9,Turner,1.09234075,1.09198825,1.0565623000000002,1.0566299,13.0,,2021161.0,4323,206,624.0,0.7,198463,1370,40.6
205,7,Turner,1.09165675,1.0919425,1.0548555,1.0548836000000001,15.0,39714.0,3062500.0,3797,346,299.0,13.9,22559,1197,51.2
206,9,Turner,1.09232175,1.092652,1.0568422,1.0567634,13.0,,1986973.0,4353,31,455.0,0.5,198939,1368,38.9
207,9,Turner,1.0919405000000002,1.0916139999999999,1.0570654,1.0571523999999999,8.0,23916.0,1244500.0,4489,214,404.0,0.7,105965,1303,41.7
208,9,Turner,1.09377725,1.093448,1.0561608,1.0562301,13.0,,1984336.0,4398,208,342.0,0.6,101117,1205,38.3
209,9,Turner,1.0926927499999999,1.09302075,1.0567336,1.0566740000000001,13.0,,1954640.0,4142,24,547.0,0.6,238731,1299,40.3
210,22,Turner,1.09087475,1.09057475,1.0545163000000002,1.0545088999999999,14.0,56347.0,3971217.0,3804,176,315.0,24.4,53806,1350,
211,18,Turner,1.09563725,1.09595975,1.0537469,1.0537393,21.0,75751.0,6285700.0,4023,3,792.0,1.3,140196,627,37.0
212,5,Turner,1.091055,1.091437,1.0564673,1.056491,17.0,40823.0,3391307.0,3640,351,1015.0,0.7,121077,1106,41.9
213,9,Turner,1.0933914999999998,1.0930745,1.057171,1.057229,13.0,64433.0,4055340.0,3870,205,712.0,0.5,157433,510,38.0
214,22,Wall Creek,1.09083,1.09118125,1.0580436,1.0580277,20.0,84696.0,6040010.0,3976,6,1330.0,1.3,191999,611,
215,5,Turner,1.0907422500000001,1.0908105000000001,1.0562393,1.0560644,17.0,42784.0,3389029.0,3675,81,947.0,1.3,279979,1156,43.3
216,22,Wall Creek,1.09049575,1.09081875,1.0577457,1.0577325,26.0,116291.0,6028681.0,3836,6,600.0,2.1,56130,233,
217,22,Wall Creek,1.09083125,1.09051725,1.0580432,1.0580307,20.0,82911.0,6031800.0,3806,174,1237.0,1.6,99585,630,
218,23,Turner,1.09563725,1.0963205,1.0539102,1.0538747,31.0,107117.0,9854731.0,8989,7,507.0,0.7,159440,1322,36.2
219,22,Wall Creek,1.09090425,1.091182,1.0582493999999998,1.058235,14.0,56813.0,3939907.0,3367,7,2080.0,1.8,677400,1138,
220,5,Turner,1.09087625,1.09119375,1.0560538000000002,1.0560821999999999,17.0,43614.0,3439834.0,3647,347,1395.0,0.5,264164,1230,43.4
221,23,Turner,1.09311075,1.0937722500000002,1.0535609,1.0535468000000001,32.0,84102.0,5873085.0,8943,3,317.0,0.8,160762,1094,38.2
222,2,Wall Creek,1.0886722500000001,1.08832925,1.059459,1.0593971,17.0,74413.0,3215263.0,4353,156,194.0,1.4,22461,707,38.2
223,2,Wall Creek,1.0886307499999999,1.0883194999999999,1.0600378000000001,1.0599927,15.0,,2782117.0,3791,160,817.0,0.8,154690,982,42.4
224,5,Turner,1.090725,1.0907164999999999,1.0562506999999999,1.0565272,27.0,70114.0,5393727.0,6200,269,962.0,1.3,443842,1204,44.0
225,8,Turner,1.0904805,1.09017525,1.0556588,1.0556823999999998,25.0,86082.0,4616540.0,4325,191,787.0,1.3,490021,1132,
226,7,Turner,1.09232525,1.09176475,1.055082,1.055061,20.0,,8350740.0,7646,175,206.0,3.3,118344,1077,39.0
227,22,Wall Creek,1.08906425,1.0893675,1.0574092,1.057434,20.0,79562.0,4067498.0,3800,348,232.0,2.3,6897,41,
228,5,Turner,1.09072675,1.09072125,1.0558504,1.0560256000000001,21.0,41775.0,3402040.0,3610,269,1531.0,1.3,350902,1158,43.5
229,23,Turner,1.0937955000000001,1.0931205,1.0540931,1.0540486999999998,73.0,82358.0,4926671.0,9014,171,957.0,1.2,229825,1069,38.6
230,5,Turner,1.0908172500000002,1.0908205,1.055853,1.0556577,17.0,37939.0,3373459.0,3966,90,1415.0,1.1,175605,1084,43.4
231,8,Turner,1.090468,1.08999075,1.0562861000000001,1.0562657,36.0,180356.0,11715900.0,6488,174,991.0,1.5,416865,933,52.4
232,5,Turner,1.090142,1.090455,1.0560901,1.056065,32.0,40820.0,3392501.0,3641,11,2009.0,2.1,404421,1102,44.6
233,22,Wall Creek,1.0934277499999998,1.09375,1.0582871999999999,1.0583264,14.0,49133.0,3921797.0,4102,343,0.0,,0,86,
234,8,Turner,1.0904647500000002,1.089976,1.0563919,1.0563559,34.0,123443.0,9050400.0,6946,170,638.0,1.3,179129,848,
235,8,Turner,1.09046675,1.0900055,1.0563935,1.0564254,31.0,113882.0,8465290.0,6237,190,598.0,1.3,167189,856,
236,8,Turner,1.0904685,1.0900045,1.0563951000000003,1.0563958999999998,32.0,106871.0,7702960.0,6495,180,826.0,1.2,96268,739,47.2
237,8,Turner,1.090446,1.09017275,1.0558257,1.0558146000000002,19.0,92471.0,6494770.0,3524,174,1050.0,1.2,188297,852,47.2
238,18,Turner,1.0956095,1.095294,1.0534276,1.0534373000000001,21.0,,6303440.0,4117,184,444.0,0.8,153425,508,47.2
239,8,Turner,1.09048075,1.0901865,1.055655,1.0555377,25.0,185054.0,8474586.0,4415,135,1252.0,2.5,207268,631,47.2
240,8,Turner,1.0909015,1.0912152499999999,1.0554578000000001,1.0554588,20.0,76769.0,6177030.0,3876,360,1050.0,1.5,142982,536,35.5
241,22,Wall Creek,1.0916425,1.09124625,1.0580786,1.0580755000000002,20.0,76246.0,4011441.0,3861,179,1899.0,1.0,55514,48,47.8
242,22,Wall Creek,1.0897812500000001,1.0900889999999999,1.0580976000000002,1.0580838,27.0,124523.0,6071230.0,3976,6,179.0,1.6,16004,157,46.4
243,9,Turner,1.0893995,1.08908125,1.0556602,1.0556915,15.0,74697.0,3849370.0,3786,194,979.0,2.9,74643,149,58.4
244,5,Turner,1.0919677499999998,1.0922779999999999,1.0568964,1.0568745,17.0,81520.0,6826296.0,3624,10,1391.0,0.4,198742,970,42.4
245,8,Turner,1.08942525,1.0890825,1.0560181999999998,1.0559954999999999,17.0,90257.0,6322090.0,4131,171,1040.0,3.8,125770,769,48.0
246,9,Wall Creek,1.090484,1.0897960000000002,1.0577691000000002,1.0577408999999998,36.0,186136.0,10961640.0,9113,174,871.0,3.5,119342,219,39.2
247,9,Wall Creek,1.0897455,1.0904444999999998,1.0577728,1.057836,38.0,201629.0,11651760.0,9551,347,1059.0,3.3,148664,219,46.7
248,9,Wall Creek,1.0897575,1.09045025,1.0576771,1.0576824999999999,36.0,163729.0,10949310.0,9128,359,856.0,2.9,60057,231,47.0
249,5,Turner,1.0905010000000002,1.0908172500000002,1.0565969,1.0565663,17.0,42614.0,3400358.0,4214,14,879.0,1.7,96093,873,48.0
250,2,Wall Creek,1.0883055000000001,1.08862875,1.0598988999999999,1.0598972,19.0,90309.0,3892920.0,4206,1,1215.0,0.9,80245,361,48.0
251,2,Wall Creek,1.08830575,1.0886274999999999,1.0599001000000001,1.0599573999999998,19.0,124274.0,3820260.0,4185,336,722.0,0.7,77602,368,44.8
252,23,Turner,1.09310625,1.09239325,1.0541633,1.0541753,32.0,153290.0,10977414.0,9123,182,526.0,1.4,173801,517,39.1
253,8,Turner,1.0894522500000001,1.0897355000000002,1.0558853000000001,1.0559538000000002,16.0,61794.0,4753115.0,3801,329,637.0,3.4,81664,637,39.1
254,8,Turner,1.0894525,1.0897377499999998,1.0558815,1.0558865,12.0,46331.0,3462340.0,2800,357,858.0,3.1,122284,720,40.6
255,8,Turner,1.089432,1.0897337500000002,1.0560181999999998,1.0560196,16.0,64049.0,4910620.0,4148,359,1010.0,2.5,142146,714,47.8
256,2,Wall Creek,1.09043525,1.09015725,1.0575995,1.0576332,19.0,90309.0,3892920.0,4206,197,1215.0,0.9,31694,248,47.8
257,2,Wall Creek,1.0904364999999998,1.0901580000000002,1.0575986,1.0575834,20.0,97550.0,4847180.0,4250,172,631.0,3.4,29130,248,46.7
258,28,Turner,1.091982,1.0922794999999998,1.0558811000000001,1.0558606,20.0,50915.0,3966408.0,4227,10,627.0,1.0,96860,460,39.1
259,9,Turner,1.089398,1.08908,1.0557987,1.0558207,16.0,64804.0,4950240.0,3918,190,827.0,3.7,69725,153,47.0
260,9,Turner,1.089398,1.089081,1.0557968000000002,1.0557583999999998,16.0,60083.0,4087310.0,4013,163,943.0,2.3,53552,153,41.0
261,9,Turner,1.0934355,1.09270975,1.0573827,1.0574262,39.0,198244.0,14277230.0,9302,189,1119.0,0.4,121935,118,48.0
262,15,Wall Creek,1.08940375,1.0900880000000002,1.0583112,1.0582798999999998,35.0,182415.0,9681969.0,9037,7,965.0,1.4,75820,272,48.0
263,18,Turner,1.0967505000000002,1.0963825,1.0536826000000001,1.053688,23.0,77427.0,6778120.0,4582,182,31.0,1.9,4580,224,42.0
264,18,Turner,1.09596225,1.096325,1.0534204,1.0534139999999999,23.0,87283.0,8060760.0,4441,3,472.0,0.9,45101,320,35.0
265,18,Turner,1.0959785,1.0956565,1.0534735,1.0534803000000001,22.0,81419.0,6532127.0,4409,183,721.0,0.7,91410,360,35.0
266,18,Turner,1.0959619999999999,1.09565775,1.0534194,1.0534181,23.0,80934.0,6508540.0,4415,179,641.0,0.5,100687,359,37.0
267,20,Turner,1.0915595,1.091263,1.0560226000000001,1.0559576000000002,35.0,110608.0,6190860.0,4060,151,1770.0,0.7,60702,82,36.0
268,20,Turner,1.0908799999999998,1.091195,1.056179,1.0561538,34.0,,6439660.0,4299,11,1785.0,0.9,79558,88,44.0
269,9,Turner,1.0934355,1.0941077499999998,1.0573846,1.0574283999999998,34.0,142436.0,9998520.0,8112,351,609.0,0.4,58455,109,44.0
270,5,Turner,1.0901147500000001,1.08979875,1.0556612,1.0557178999999999,20.0,72880.0,5770386.0,4571,204,1341.0,2.0,34186,49,37.0
271,9,Turner,1.0934355,1.094106,1.0573808,1.0573643,36.0,153748.0,10725313.0,8714,4,768.0,0.5,57229,114,46.0
272,6,Wall Creek,1.06984525,1.06973875,1.0534698999999998,1.0534453000000001,,,,1243,150,32.0,33.4,39475,6792,37.0
273,6,Wall Creek,1.07129425,1.0716125,1.0541132,1.0541688,16.0,,2502330.0,1938,336,,,52906,795,53.0
274,25,Turner,1.08159575,1.08185,1.0491466,1.0490491000000002,10.0,,483218.0,3985,44,207.0,0.5,43524,4946,36.8
275,6,Wall Creek,1.0698285,1.069815,1.0533221,1.0533096,,,,20,113,55.0,33.5,17362,3033,52.0
276,6,Wall Creek,1.069955,1.07010075,1.0534157,1.053442,,,,1041,336,260.0,32.7,20981,1680,52.0
277,14,Wall Creek,1.0785845,1.07880625,1.0587918,1.0588365,7.0,,1288000.0,2702,333,22.0,0.1,38298,1951,
278,6,Wall Creek,1.0695839999999999,1.0697117500000002,1.0535911999999998,1.053652,,,,2354,310,14.0,47.1,1234,566,52.0
279,25,Turner,1.081935,1.0821855,1.0492505,1.0493451,,,,3446,317,251.0,0.5,48789,2747,40.9
280,6,Wall Creek,1.070275,1.0705897500000001,1.0546312,1.0546325,8.0,,1918180.0,2201,359,351.0,1.6,236172,2852,41.9
281,12,Wall Creek,1.0796044999999999,1.07935175,1.057198,1.0573597,12.0,,1518500.0,4750,238,778.0,1.6,211642,2729,44.0
282,6,Wall Creek,1.070962,1.0706752499999999,1.0544788,1.0544791,14.0,,2814840.0,3142,180,164.0,4.5,113765,1860,39.9
283,6,Wall Creek,1.06989275,1.0702099999999999,1.0542831000000001,1.0542853,11.0,,3002656.0,3558,359,786.0,3.8,84313,1566,44.9
284,6,Wall Creek,1.0716595,1.0714545,1.0544329,1.0544316,8.0,,2228784.0,2420,179,150.0,4.1,14528,568,45.0
285,8,Turner,1.0872222500000002,1.0866555,1.0545761,1.0545292,33.0,57530.0,3263056.0,7612,168,412.0,5.3,294540,2109,
286,12,Wall Creek,1.07967175,1.08033875,1.057238,1.0572472,28.0,96871.0,3341818.0,8690,358,1154.0,1.0,480690,2225,40.5
287,12,Wall Creek,1.0782205,1.07885375,1.0579168,1.0579078999999998,28.0,95355.0,3504520.0,8140,2,1207.0,0.7,211557,1937,41.4
288,12,Wall Creek,1.07822,1.07888225,1.057632,1.0576467,28.0,88584.0,3916810.0,8704,357,1228.0,1.4,219970,1621,41.4
289,14,Wall Creek,1.0692405,1.0695074999999998,1.0506776,1.0506075,20.0,,3070812.0,3319,33,55.0,5.3,30368,1228,
290,9,Wall Creek,1.08661975,1.086824,1.0552118,1.0551223,9.0,,1659008.0,2974,48,252.0,5.1,131860,1147,51.2
291,7,Wall Creek,1.08474575,1.0844749999999999,1.0551343999999998,1.0551327,14.0,64853.0,3517980.0,3376,179,668.0,2.5,204018,1091,44.9
292,31,Wall Creek,1.07927825,1.0789639999999998,1.0576097,1.0576137,19.0,,2129500.0,3694,182,1379.0,1.0,160373,1982,
293,12,Wall Creek,1.07965325,1.08030825,1.0578428000000002,1.057847,30.0,103087.0,4173300.0,8724,359,730.0,1.6,158530,1557,42.0
294,12,Wall Creek,1.0782185,1.0788389999999999,1.057442,1.0574579,28.0,,3762660.0,7922,356,2263.0,0.9,392560,1869,40.7
295,31,Wall Creek,1.0792787499999998,1.07959425,1.0576108,1.0576146000000002,19.0,,2129500.0,3630,358,1022.0,0.7,131507,1921,
296,12,Wall Creek,1.07961275,1.07896875,1.057703,1.057753,30.0,90252.0,3415920.0,8705,191,739.0,1.4,84494,853,42.0
297,8,Wall Creek,1.0858564999999998,1.086208,1.0545803999999999,1.0545863,25.0,77222.0,4613360.0,4193,358,917.0,1.9,376017,1299,
298,12,Wall Creek,1.0796655,1.0802705,1.0571339,1.0571521000000002,27.0,78364.0,2902150.0,7707,356,1121.0,1.0,264713,1716,40.5
299,8,Turner,1.0859115,1.086211,1.0544573000000002,1.0544748999999998,24.0,47697.0,2399420.0,4212,352,669.0,2.1,227595,1168,
300,8,Turner,1.08591175,1.08555825,1.0544582,1.0544280000000001,23.0,49069.0,4450608.0,3969,168,594.0,1.8,236851,1160,
301,21,Wall Creek,1.0796235,1.0789635,1.0575141000000001,1.0575325,,,3579800.0,9347,184,550.0,0.0,323064,1954,43.0
302,8,Turner,1.08722425,1.08691975,1.0543859,1.0543609999999999,11.0,51644.0,3183058.0,3870,168,360.0,4.2,97818,1764,
303,12,Wall Creek,1.07981975,1.079819,1.0589263000000002,1.0593364,22.0,69373.0,2629570.0,9015,270,32.0,0.5,14994,273,40.0
304,21,Wall Creek,1.0792522500000001,1.078599,1.0573405,1.0573464,30.0,,4513416.0,9148,181,813.0,1.2,249303,1421,41.8
305,0,Wall Creek,1.07295525,1.0731899999999999,1.0504057,1.0504535,5.0,17336.0,795500.0,1166,333,379.0,1.4,36746,1516,45.0
306,31,Wall Creek,1.0822592500000001,1.08224725,1.0583713000000001,1.0580001,30.0,98230.0,4367300.0,9016,91,36.0,12.8,15920,831,64.0
307,21,Wall Creek,1.08611675,1.08543825,1.0593287,1.0593295,30.0,172166.0,6774642.0,8763,180,436.0,2.5,163617,1272,40.6
308,21,Wall Creek,1.086174,1.0868005,1.0598128,1.0598156,32.0,119477.0,2261122.0,3273,359,906.0,1.3,203437,1521,46.9
309,7,Turner,1.0858712499999998,1.0855650000000001,1.0537343,1.053739,15.0,41723.0,3580002.0,3920,182,1411.0,1.7,238574,1726,48.0
310,8,Wall Creek,1.08621725,1.0868392500000001,1.0551409999999999,1.0550376000000001,34.0,180326.0,8740370.0,8569,23,126.0,9.8,134612,253,54.0
311,8,Wall Creek,1.08725075,1.0865927499999999,1.0554901,1.055514,35.0,163723.0,9520110.0,8722,185,358.0,6.2,11595,156,45.7
312,8,Wall Creek,1.087251,1.087927,1.0554837,1.055466,36.0,161620.0,9071790.0,9011,4,948.0,7.6,95708,181,45.7
313,8,Wall Creek,1.087251,1.086791,1.0554826000000002,1.0554378,24.0,101720.0,6046340.0,6002,166,340.0,6.5,32628,181,45.7
314,21,Wall Creek,1.08611675,1.0868055,1.0593287,1.0593380000000001,30.0,122978.0,4456986.0,9149,358,494.0,2.4,155700,1261,42.8
315,0,Wall Creek,1.0729555,1.0725832499999999,1.050415,1.0504041000000002,15.0,67917.0,4253400.0,3886,176,537.0,2.8,140797,932,46.9
316,12,Wall Creek,1.0796592500000002,1.0803247500000002,1.0572514,1.0573668999999999,30.0,95952.0,3404910.0,9395,337,1717.0,1.1,426646,1449,41.0
317,7,Turner,1.0851835,1.085502,1.0535611999999999,1.0535365,11.0,,4172500.0,3904,11,381.0,2.6,113248,1376,54.0
318,7,Turner,1.085185,1.08551025,1.0535629,1.0535858999999999,12.0,,4300420.0,4075,350,516.0,2.6,142439,1293,54.0
319,21,Wall Creek,1.0846969999999998,1.0853920000000001,1.0592265,1.0592268999999999,30.0,120013.0,4435143.0,9032,360,251.0,7.1,27047,579,42.0
320,8,Turner,1.0851582499999999,1.0848402499999998,1.0536885,1.0537006,14.0,62419.0,3521870.0,3503,185,518.0,0.8,32767,101,42.4
321,8,Turner,1.08575,1.08620525,1.0539557,1.0539153,37.0,227589.0,19676660.0,6367,13,754.0,1.4,183514,784,45.6
322,8,Turner,1.08575,1.086217,1.0539595,1.0539856,31.0,149375.0,6905793.0,5355,352,543.0,2.0,263517,1264,
323,8,Turner,1.08575,1.0862197500000002,1.0539538,1.0538333,44.0,270376.0,23505640.0,7548,33,1426.0,1.2,244049,674,47.0
324,12,Wall Creek,1.078242,1.078885,1.0575367,1.0575615,30.0,86218.0,3404070.0,8578,354,1099.0,0.8,325084,1549,41.6
325,8,Wall Creek,1.08621025,1.08554325,1.0550948999999998,1.0551538,35.0,182648.0,8736320.0,8858,192,992.0,2.0,142267,304,52.7
326,8,Wall Creek,1.08621025,1.0855485,1.0550921000000002,1.0550505,35.0,187533.0,9039020.0,8851,171,857.0,3.5,74316,305,52.7
327,21,Wall Creek,1.08397725,1.08327725,1.0587343,1.0587302,37.0,,4541524.0,8028,179,596.0,5.0,108261,1414,42.0
328,21,Wall Creek,1.081429,1.08073975,1.0588214,1.0588218999999999,29.0,99504.0,4400046.0,8490,180,468.0,1.9,162164,1042,46.0
329,7,Turner,1.08517825,1.08550075,1.0536638999999999,1.0536851999999999,16.0,,4739722.0,1474,351,102.0,4.5,130707,1220,45.0
330,7,Turner,1.0851785,1.08550075,1.0536582,1.0536358,10.0,,4664838.0,3881,10,211.0,3.3,102683,1218,45.0
331,7,Turner,1.0851835,1.085501,1.0537638,1.0537881999999998,10.0,,4505884.0,2214,349,8.0,22.7,213292,1169,45.0
332,7,Turner,1.0851837500000001,1.085501,1.0537581999999999,1.0537382,16.0,,4531396.0,3660,9,300.0,3.3,114471,1130,45.0
333,21,Wall Creek,1.0854005,1.0847164999999999,1.0589313,1.0589354,35.0,112201.0,7000560.0,9288,181,760.0,2.0,49548,923,41.0
334,21,Wall Creek,1.0861155,1.08543625,1.0591334,1.0591313999999998,30.0,109787.0,5913580.0,9153,180,1259.0,1.8,156762,1148,42.0
335,12,Wall Creek,1.07962025,1.0789525,1.0581073,1.058152,30.0,86453.0,3332480.0,8865,190,1179.0,1.7,368663,1000,43.8
336,21,Wall Creek,1.0846832499999999,1.08399075,1.0595459,1.0595357,35.0,162693.0,12145929.0,9619,178,1519.0,1.6,135904,306,41.2
337,0,Wall Creek,1.0725495,1.07282575,1.0505023,1.0505201000000002,12.0,62802.0,3421320.0,3238,351,718.0,2.8,187384,1425,46.0
338,6,Wall Creek,1.0717135,1.071383,1.0505597,1.0505316999999998,23.0,111657.0,9227963.0,4561,168,1462.0,5.8,115330,426,48.9
339,8,Wall Creek,1.0858677499999998,1.08621025,1.0549844,1.0549143,26.0,146332.0,8334480.0,4520,27,332.0,4.2,256254,876,52.4
340,8,Wall Creek,1.0858605000000001,1.0852015,1.0549898999999998,1.0549115,40.0,208670.0,17005735.0,9300,163,1193.0,4.4,147609,475,49.5
341,8,Wall Creek,1.08586025,1.0851877499999998,1.0549918,1.0549888,38.0,200534.0,15977256.0,8787,179,1299.0,3.9,189202,470,49.7
342,8,Wall Creek,1.0868499999999999,1.08628925,1.0548859,1.0548754,29.0,155356.0,7507890.0,7327,177,1127.0,6.3,202243,273,54.0
343,21,Wall Creek,1.08397475,1.08467425,1.0600045,1.0600034999999999,30.0,111756.0,6094620.0,9926,0,168.0,1.0,42625,641,41.1
344,21,Wall Creek,1.086152,1.0854397500000001,1.0599296,1.059918,30.0,107386.0,6008840.0,9433,178,570.0,1.1,87434,994,40.0
345,21,Wall Creek,1.0839715,1.08327125,1.0596058000000002,1.0595955,36.0,130000.0,8535472.0,9199,178,1737.0,1.5,271983,419,43.0
346,12,Wall Creek,1.08036275,1.079669,1.0581178,1.0581466,30.0,94318.0,3495660.0,9109,186,1207.0,1.5,282053,1311,
347,8,Wall Creek,1.084821,1.0851039999999998,1.0548329,1.0549131,26.0,149845.0,13362980.0,4372,325,1006.0,3.9,391506,869,44.7
348,12,Wall Creek,1.07892425,1.07821825,1.0583101000000001,1.0582822,30.0,85731.0,3514765.0,8398,174,1501.0,2.1,268644,1027,42.0
349,8,Wall Creek,1.0868517500000001,1.0863005000000001,1.0549688000000002,1.0549545,29.0,151833.0,7278510.0,7249,176,902.0,6.6,128277,273,54.0
350,21,Wall Creek,1.08613575,1.08544025,1.0600096,1.0600083,30.0,110634.0,6038420.0,9203,180,912.0,1.3,158559,1085,40.1
351,21,Wall Creek,1.082605,1.0825835000000001,1.0595573,1.0591825,30.0,107137.0,6010460.0,9219,91,1176.0,1.5,126395,1019,39.5
352,12,Wall Creek,1.0786120000000001,1.07926075,1.0586475,1.0586306,30.0,60825.0,3086460.0,8649,4,698.0,1.9,150384,1189,43.0
353,7,Wall Creek,1.08330125,1.08367725,1.0546611000000001,1.0546296000000002,7.0,22967.0,1488085.0,1640,12,760.0,0.4,221677,1248,42.1
354,21,Wall Creek,1.081097,1.08038225,1.0586242,1.0586171999999998,35.0,112972.0,7119991.0,9773,179,139.0,1.7,38956,596,40.0
355,21,Wall Creek,1.083971,1.08326475,1.0596096000000002,1.0596636000000001,36.0,182000.0,11671025.0,9640,191,2158.0,1.6,188604,422,43.0
356,21,Wall Creek,1.08309175,1.08317125,1.0595539,1.0591838,30.0,114444.0,6979764.0,9479,85,1534.0,1.2,135145,894,39.6
357,7,Turner,1.08515575,1.08484625,1.0533728,1.0533866,16.0,58831.0,3978260.0,3872,186,704.0,1.1,62701,966,43.6
358,7,Turner,1.08515375,1.0848452499999999,1.0533672,1.0533367,16.0,77411.0,5839940.0,3872,166,447.0,1.0,51563,960,40.9
359,7,Turner,1.085143,1.08483325,1.0532338,1.0533253999999999,10.0,,6524881.0,3778,216,258.0,1.1,103147,874,43.0
360,8,Turner,1.0848307499999998,1.08512925,1.0541928999999999,1.0541873000000002,18.0,110276.0,12130274.0,3738,3,665.0,3.2,180041,906,47.5
361,8,Wall Creek,1.0858564999999998,1.0855564999999998,1.0545813000000002,1.0545333000000001,25.0,78008.0,4641020.0,4241,158,0.0,,325960,1256,
362,7,Turner,1.080083,1.07975675,1.0494469,1.0494523,16.0,67493.0,4000519.0,3872,182,956.0,1.0,49550,1110,37.1
363,8,Turner,1.0848315,1.08512725,1.0541892,1.0541091999999999,25.0,144163.0,15526376.0,5165,34,599.0,1.4,195445,938,47.5
364,8,Turner,1.0848312500000001,1.08512825,1.0541911,1.0541572,24.0,124509.0,7776840.0,4048,16,1042.0,2.9,105977,944,50.5
365,31,Wall Creek,1.07676225,1.07619825,1.058017,1.0580096,42.0,185322.0,7704490.0,7286,178,100.0,1.5,12829,369,40.0
366,21,Wall Creek,1.0825014999999998,1.0830119999999999,1.0599411,1.059931,24.0,83017.0,5298765.0,7116,3,63.0,1.2,39662,568,40.0
367,6,Wall Creek,1.0733514999999998,1.073834,1.0538323,1.0538931,36.0,,14427752.0,7215,343,1862.0,1.6,382935,506,46.4
368,7,Wall Creek,1.0833047500000001,1.08368675,1.0546478000000001,1.0546802,18.0,85482.0,4524720.0,4368,348,1089.0,0.8,203761,1132,41.9
369,7,Wall Creek,1.083315,1.082986,1.0546489,1.0546796,15.0,77040.0,5475000.0,3624,193,1000.0,0.9,177228,993,41.9
370,7,Wall Creek,1.0806850000000001,1.08102475,1.05509,1.0550877,16.0,72788.0,4028620.0,3872,1,508.0,1.1,58761,922,39.0
371,7,Wall Creek,1.083315,1.082987,1.0546479,1.0546309999999999,16.0,75584.0,5847487.0,3737,173,929.0,0.8,224096,1000,41.4
372,21,Wall Creek,1.08250675,1.08182425,1.0593464,1.0593346000000001,36.0,101446.0,7145997.0,9461,178,1245.0,1.2,200443,535,40.0
373,21,Wall Creek,1.081097,1.0817797500000002,1.0586278999999998,1.0586198999999998,24.0,83017.0,5298765.0,9508,2,120.0,2.6,26069,560,40.0
374,0,Wall Creek,1.0750272500000002,1.0753605,1.0515317,1.051549,16.0,77925.0,4541880.0,4426,353,176.0,9.8,231583,862,46.4
375,2,Wall Creek,1.07531,1.0760365,1.0540447,1.0539896,32.0,176766.0,7546800.0,9642,11,2738.0,1.0,247161,231,40.0
376,31,Wall Creek,1.0771335,1.077803,1.0586353999999998,1.0585538,31.0,118417.0,10124864.0,9804,17,1106.0,0.9,125776,196,42.9
377,7,Wall Creek,1.08156725,1.0818775,1.0538198,1.053819,16.0,74363.0,6191260.0,3872,0,668.0,0.2,77016,1030,38.3
378,7,Wall Creek,1.0815569999999999,1.08187675,1.0538198,1.0538671000000002,17.0,85748.0,6209170.0,4047,340,905.0,1.0,146903,1128,42.1
379,7,Wall Creek,1.0822135000000002,1.0826864999999999,1.0538471,1.0538292,16.0,61400.0,5152972.0,5841,5,394.0,0.8,168835,864,39.0
380,7,Wall Creek,1.08222375,1.0825957499999999,1.0538471,1.053874,15.0,52800.0,4384385.0,5000,350,390.0,0.8,99846,812,39.0
381,0,Wall Creek,1.07398225,1.0742955,1.0509111000000002,1.0509131999999999,14.0,66354.0,4029367.0,3823,359,1187.0,1.6,306852,959,50.0
382,2,Wall Creek,1.0775105,1.0768985,1.0538052,1.0537858999999998,37.0,151581.0,7115110.0,8069,175,2266.0,0.8,192648,239,38.4
383,8,Turner,1.0858415,1.085198,1.0540426999999999,1.0541171,36.0,155876.0,9174250.0,9049,196,1425.0,1.9,137778,320,46.1
384,8,Turner,1.0858415,1.08519625,1.0540408,1.0540524,35.0,174331.0,8920310.0,8847,183,791.0,0.5,136941,331,46.1
385,8,Wall Creek,1.08629075,1.08683675,1.0552905,1.0552484,28.0,150226.0,7182960.0,7073,11,476.0,3.7,77635,254,53.6
386,8,Wall Creek,1.08621725,1.086571,1.0551464,1.0551625,16.0,83884.0,4106030.0,3943,354,916.0,6.0,69538,269,54.0
387,8,Turner,1.0857502499999998,1.08520325,1.0539482,1.0538291000000002,29.0,155965.0,10352050.0,7277,151,1380.0,2.4,147622,354,46.1
388,8,Turner,1.0857502499999998,1.08519825,1.0539501000000002,1.0539032,27.0,134922.0,6896040.0,6912,168,1356.0,3.1,177732,364,48.4
389,7,Turner,1.0844619999999998,1.08514175,1.0538512,1.0538525,41.0,,18453612.0,8913,360,1001.0,1.9,114163,216,40.2
390,7,Turner,1.08446275,1.08513025,1.0538493000000002,1.0538293,41.0,,18449014.0,8895,4,2017.0,1.1,99522,201,40.2
391,8,Wall Creek,1.085858,1.0851915,1.0546613999999999,1.0547313999999999,41.0,164791.0,12029540.0,9538,195,1345.0,3.1,220068,483,47.6
392,8,Wall Creek,1.085858,1.0851927499999998,1.0546595,1.0546522,32.0,143318.0,10114330.0,8977,178,1402.0,2.9,270147,485,47.6
393,8,Turner,1.0858845000000001,1.0865639999999999,1.0537778999999998,1.0537838000000002,37.0,136573.0,9223260.0,9119,359,1624.0,0.8,136401,308,43.4
394,8,Turner,1.0858842499999999,1.0865825,1.0537761,1.0536503000000002,41.0,154550.0,10039280.0,10351,24,2036.0,0.8,159134,360,43.4
395,8,Turner,1.08591125,1.08656875,1.0544551000000002,1.0544293999999999,37.0,208980.0,13537730.0,9050,6,1765.0,3.5,201116,352,47.3
396,8,Turner,1.08589875,1.08537775,1.0543782,1.0543681,27.0,97318.0,6960390.0,6682,177,1230.0,1.6,180772,321,47.8
397,8,Turner,1.0858975,1.0862145,1.0543745,1.0543633,15.0,53334.0,3884285.0,3771,5,981.0,2.5,43376,266,47.6
398,8,Turner,1.08589625,1.086579,1.0543708,1.0543008,37.0,134064.0,9494640.0,9296,14,480.0,1.9,136609,337,48.5
399,8,Turner,1.085898,1.0853752499999998,1.0543763999999998,1.0543071,27.0,97736.0,6757595.0,6711,162,1209.0,1.7,129631,321,47.8
400,8,Wall Creek,1.085902,1.0851917500000001,1.0548786,1.0548563,41.0,217439.0,17771218.0,9464,176,1104.0,3.7,144561,463,47.6
401,8,Wall Creek,1.08590175,1.08519225,1.0548767,1.0547928999999998,46.0,159239.0,11304450.0,9309,164,720.0,3.8,136255,464,47.6
402,21,Wall Creek,1.0846969999999998,1.0839889999999999,1.0596587,1.0596683,31.0,166967.0,9140466.0,9747,182,1134.0,1.4,89289,212,44.5
403,6,Wall Creek,1.0746245,1.0749517499999999,1.0534998999999998,1.0535145,21.0,103116.0,8201763.0,4612,354,1427.0,1.3,155529,325,41.3
404,6,Wall Creek,1.07285325,1.0720945,1.0512671999999998,1.0512251000000001,34.0,179732.0,13400086.0,10111,172,1094.0,5.9,194485,242,47.3
405,21,Wall Creek,1.08189075,1.0811972500000002,1.0595856000000001,1.0595938,36.0,161984.0,12330729.0,9616,182,402.0,1.2,24595,187,40.6
406,8,Turner,1.0858237499999999,1.0851995,1.0542178999999998,1.0541752,34.0,123794.0,8866490.0,8498,170,1470.0,1.9,128606,356,48.5
407,8,Turner,1.085824,1.08621875,1.0542198,1.054241,18.0,60258.0,4665750.0,4608,352,1232.0,2.2,102491,338,48.5
408,8,Turner,1.0858242500000002,1.0853765,1.0542217,1.0542464,22.0,75930.0,5701860.0,5571,188,1303.0,1.6,108350,358,48.5
409,8,Turner,1.0857502499999998,1.08519625,1.0539489,1.0539833,27.0,134845.0,6865730.0,6808,189,1649.0,2.0,148786,364,47.9
410,7,Wall Creek,1.082948,1.08225225,1.0546438999999999,1.0546831,42.0,,18912560.0,9362,188,1369.0,1.3,122818,286,42.2
411,7,Wall Creek,1.0829482499999998,1.08227975,1.054642,1.054633,40.0,,17894782.0,8594,178,1307.0,1.1,163821,282,42.2
412,7,Wall Creek,1.08292625,1.0822587499999998,1.0547495,1.0547816,42.0,,19078481.0,9190,187,1802.0,1.3,184382,272,
413,7,Wall Creek,1.0829297500000001,1.0822777499999998,1.0547493000000001,1.0547312,40.0,,17958652.0,8599,176,1288.0,1.1,112255,273,40.2
414,31,Wall Creek,1.0775074999999998,1.07711375,1.0591945,1.0591915,20.0,,6512080.0,4517,179,671.0,0.9,28606,161,43.4
415,31,Wall Creek,1.0776085,1.07821,1.0595536,1.0596736000000002,30.0,,5176020.0,7733,333,602.0,0.6,49045,143,43.0
416,8,Wall Creek,1.0845639999999999,1.0850415,1.0557403,1.0556611,29.0,108795.0,6976010.0,6952,23,561.0,7.1,121750,448,50.2
417,8,Wall Creek,1.0845639999999999,1.08504125,1.0557422,1.0557534,26.0,95253.0,6253080.0,6082,357,500.0,5.3,91102,448,50.6
418,6,Wall Creek,1.0733125,1.0728285000000002,1.0528195,1.0527364,19.0,92578.0,7281608.0,7140,157,757.0,3.9,10018,16,44.8
419,6,Wall Creek,1.0715905000000001,1.0710105,1.0516633999999998,1.0515794,27.0,,10520734.0,7940,160,292.0,15.0,70031,271,45.4
420,6,Wall Creek,1.0715885,1.07101225,1.0516633999999998,1.0514803000000001,29.0,,11466033.0,8478,142,269.0,19.2,58267,272,48.2
421,7,Wall Creek,1.0847627499999999,1.0842437500000002,1.0550686,1.0550282,30.0,176412.0,13546977.0,6839,169,1212.0,2.2,78457,203,40.0
422,4,Turner,1.073253,1.07394875,1.0496717,1.0497136999999999,27.0,128933.0,9120280.0,6018,351,1391.0,2.4,72358,247,43.0
423,7,Wall Creek,1.0836785,1.08297375,1.0549586,1.0549831,40.0,154723.0,10849528.0,9271,185,1108.0,1.7,17903,20,42.0
424,7,Wall Creek,1.083681,1.0829755,1.0549573,1.0548727,40.0,126165.0,8945750.0,9617,163,1009.0,1.4,16164,20,42.0
425,7,Wall Creek,1.083711,1.084411,1.0551616000000001,1.0551291999999999,40.0,181974.0,10062780.0,9319,7,1330.0,1.8,80457,109,42.0
426,7,Wall Creek,1.0836795000000001,1.0842285,1.0550722,1.0550247,31.0,124229.0,8135853.0,7148,12,1167.0,2.1,74272,110,42.0
427,7,Wall Creek,1.08402925,1.083341,1.0544694,1.0544776999999999,40.0,157146.0,10484930.0,9320,182,2326.0,1.3,32068,27,42.0
428,31,Wall Creek,1.0893975,1.08969,1.060525,1.060557,13.0,40386.0,2907625.0,3756,345,552.0,1.0,156350,1823,43.0
429,31,Wall Creek,1.0897175000000001,1.089415,1.0609399,1.0609106000000001,13.0,51262.0,2389607.0,3841,166,331.0,0.9,100168,1516,39.7
430,7,Wall Creek,1.090142,1.0904465,1.0602121000000002,1.0602086000000002,18.0,,3028568.0,3192,2,587.0,1.2,105978,1907,38.5
431,31,Wall Creek,1.08971625,1.09005775,1.0609407,1.0609108,13.0,59390.0,2940853.0,3529,12,242.0,0.7,49673,1527,39.4
432,31,Wall Creek,1.08972975,1.09005225,1.0606837,1.0607582,14.0,67579.0,3223911.0,4029,330,55.0,0.0,37053,1227,36.0
433,31,Wall Creek,1.08972775,1.08942225,1.0606836000000002,1.060757,14.0,59317.0,3403160.0,3780,211,452.0,1.0,100069,1456,35.6
434,31,Wall Creek,1.092313,1.0925660000000001,1.0612257999999999,1.0612567,13.0,48248.0,2656987.0,3354,343,49.0,0.7,20434,1240,39.0
435,3,Wall Creek,1.09873525,1.0990582500000001,1.0643318000000002,1.0644001,17.0,55554.0,2209997.0,4287,332,104.0,0.5,10012,1194,
436,7,Wall Creek,1.09015825,1.089788,1.0603896,1.0604044,12.0,,6250328.0,4429,186,50.0,1.5,76901,1424,39.0
437,7,Wall Creek,1.0908539999999998,1.0905297500000002,1.0604268000000001,1.060403,12.0,,5851240.0,4115,170,10.0,5.2,13805,1402,39.0
438,7,Wall Creek,1.09015725,1.0904652499999998,1.0604073,1.0604085,11.0,,5137017.0,3935,359,140.0,0.7,45584,1450,39.0
439,19,Wall Creek,1.0893152499999998,1.08903375,1.0618276999999998,1.0618428,7.0,3695.0,671740.0,1680,188,15.0,0.0,11271,1491,38.8
440,21,Wall Creek,1.0893582499999999,1.0890415,1.060538,1.0605242,15.0,,2283830.0,3914,174,503.0,1.2,143873,1375,41.8
441,21,Wall Creek,1.0882855,1.0875845,1.060185,1.0602321000000001,30.0,105679.0,4412065.0,9524,190,641.0,1.3,192280,1221,38.4
442,21,Wall Creek,1.0882710000000002,1.08892575,1.0605373,1.0605329,30.0,103558.0,4417986.0,8628,1,1097.0,0.8,306723,1229,39.2
443,21,Wall Creek,1.0883025,1.08757925,1.0604322,1.0604357,30.0,123717.0,6006320.0,9825,181,616.0,0.9,195498,866,38.0
444,10,Wall Creek,1.0851582499999999,1.0851625,1.0627536,1.0628123,,,,1582,272,,,139,153,
445,25,Turner,1.08196175,1.0822115,1.0489416,1.049004,,,,3061,328,235.0,0.8,104481,5535,41.2
446,25,Turner,1.0815415,1.081841,1.0488944,1.0489067,,,,4180,354,230.0,1.2,41688,5096,42.0
447,25,Turner,1.0815415,1.081847,1.0486638000000001,1.0486962,3.0,,71078.0,2374,345,65.0,0.8,10541,3157,41.0
448,25,Turner,1.0811875,1.0814805,1.0487916000000002,1.0488342,4.0,,149800.0,3837,340,38.0,1.1,9896,3209,39.7
449,25,Turner,1.0837685000000001,1.0840542499999999,1.0453716,1.0453194000000001,6.0,,1628932.0,3464,25,68.0,0.0,8653,1164,
450,29,Turner,1.0855847500000002,1.085881,1.0446058,1.0446238,14.0,45125.0,2052550.0,3685,351,118.0,0.1,115757,1457,42.5
451,29,Turner,1.085896,1.0862399999999999,1.0445841,1.0445725000000001,20.0,46158.0,2648000.0,4115,5,120.0,0.3,143064,1068,43.2
452,29,Turner,1.08592375,1.08557525,1.0444723,1.0444775,20.0,41294.0,2625200.0,4414,182,43.0,0.6,17662,820,45.9
453,29,Turner,1.08623575,1.0866355,1.0443915,1.0443753,36.0,31272.0,2625060.0,5070,6,60.0,0.1,33417,461,43.1
454,29,Turner,1.086233,1.08578625,1.0443913,1.0443774000000001,40.0,32792.0,2923660.0,5702,176,128.0,0.4,81730,457,45.0
455,29,Turner,1.0855807499999999,1.0852089999999999,1.0445064000000002,1.0445151,32.0,35228.0,3022013.0,4466,183,169.0,0.5,46835,518,43.2
456,29,Turner,1.08629475,1.0859337500000001,1.0444554000000001,1.0444736000000001,31.0,25822.0,2261140.0,4371,187,80.0,0.1,69101,447,43.9
457,27,Turner,1.08591975,1.0864515,1.0450226999999999,1.0450305999999998,33.0,225501.0,12984060.0,6863,358,101.0,0.5,10058,214,42.0
458,29,Turner,1.0858885,1.08537425,1.0443162,1.0443462,63.0,50759.0,4473192.0,6594,188,115.0,0.0,17419,71,44.8
459,29,Turner,1.085891,1.08643975,1.0443165,1.0443247,48.0,39053.0,3505005.0,6879,358,120.0,0.0,10642,73,44.8
460,17,Turner,1.09023075,1.09013525,1.0459737,1.0459538000000002,,,,1471,152,105.0,0.0,47051,6004,42.0
461,17,Turner,1.0915967500000001,1.09164725,1.0453681000000001,1.045468,,,,2625,281,7.0,1.0,44323,5349,42.7
462,17,Turner,1.0897755,1.089693,1.0457220999999999,1.0456999,,,462500.0,1618,146,11.0,0.2,39685,5535,42.0
463,17,Turner,1.08977875,1.0898780000000001,1.0456381000000001,1.0456553000000002,,,,1520,337,36.0,0.0,29842,4138,
464,17,Turner,1.0895967500000001,1.089694,1.0459235,1.0459467,,,,1685,329,33.0,0.0,21202,2027,
465,25,Turner,1.0894030000000001,1.0895085,1.0453338,1.0453282,,,,1493,8,3.0,0.0,1849,599,
466,17,Turner,1.0899569999999998,1.089777,1.045925,1.0459246999999998,,,,2596,180,74.0,0.0,23267,4982,
467,17,Turner,1.08986575,1.09005225,1.0459791,1.0459699,,,,2615,7,62.0,0.0,66034,5203,
468,17,Turner,1.09141525,1.091602,1.0460705,1.0461513,,,,3179,313,49.0,0.0,49935,5335,
469,17,Turner,1.090977,1.0908685,1.0461871999999999,1.0461258,,,,2286,125,17.0,0.0,15546,4086,
470,17,Turner,1.09151575,1.0916535,1.0460156999999999,1.0460473000000001,,,,2165,330,0.0,,8202,4039,
471,17,Turner,1.0913145,1.09114175,1.0461696999999999,1.0460957,,,,2920,133,15.0,1.0,29492,5555,42.1
472,29,Turner,1.0895872500000001,1.0898587499999999,1.0451374,1.0451289,,,560660.0,3171,4,126.0,0.1,36732,1491,
473,29,Turner,1.08880475,1.08915975,1.0449221999999998,1.0449336,20.0,47770.0,2851340.0,4396,355,75.0,0.1,64615,812,43.1
474,8,Codell,1.02876,1.02866325,1.0458138000000001,1.0459602,15.0,72062.0,3091080.0,4270,255,455.0,604.0,108946,1668,
475,13,Codell,1.02752675,1.02784875,1.0437137,1.0437137,18.0,58940.0,2695050.0,4691,360,10.0,,7029,883,40.0
476,13,Codell,1.0324360000000001,1.0323689999999999,1.0457738,1.0459564000000001,15.0,39023.0,2538000.0,5110,262,189.0,614.0,59158,1377,34.0
477,8,Codell,1.0279775,1.027982,1.046362,1.0460004999999999,,3192026.0,3021660.0,9957,90,357.0,994.0,113307,1342,36.5
478,8,Codell,1.0278909999999999,1.0282110000000002,1.0465761,1.0465952,18.0,30648.0,3382180.0,4692,352,468.0,,126290,1256,
479,24,Codell,1.03187475,1.03184475,1.0467641,1.0469046999999998,19.0,5262.0,185600.0,3888,265,767.0,307.0,114809,1230,38.0
480,24,Codell,1.03204125,1.03205075,1.0469418,1.0471037,18.0,58987.0,3367628.0,4450,271,507.0,590.0,59895,893,37.0
481,24,Codell,1.03279825,1.032797,1.0474841,1.0473321999999998,19.0,65436.0,3538750.0,4172,90,230.0,257.0,28650,925,37.0
482,13,Codell,1.0326460000000002,1.0326487500000001,1.046341,1.0467215,37.0,4621509.0,4405763.0,10450,270,595.0,509.0,139666,1084,34.0
483,13,Codell,1.032644,1.03264125,1.046341,1.0460155999999998,37.0,3101697.0,3163547.0,8937,90,460.0,439.0,154131,1096,34.0
484,8,Codell,1.027922,1.028576,1.0467097,1.0466772,47.0,358218.0,17461875.0,9570,7,944.0,,248119,1187,
485,13,Codell,1.0319212500000001,1.03188675,1.0455841,1.045223,40.0,5362558.0,6023541.0,9935,92,227.0,727.0,78621,1033,40.0
486,13,Codell,1.03192325,1.03189875,1.0455841,1.0459514,40.0,5417399.0,5906658.0,10099,268,319.0,1555.0,126132,1004,40.0
487,8,Codell,1.02751725,1.0282092500000002,1.0459405,1.0459593,45.0,448134.0,16738048.0,10095,356,376.0,,157694,914,
488,24,Codell,1.03078125,1.030462,1.0470358,1.0470373000000002,18.0,69064.0,4701689.0,4651,181,309.0,530.0,55231,743,36.0
489,8,Codell,1.02715175,1.026483,1.0465276000000001,1.0465479,52.0,197002.0,11861901.0,9759,184,991.0,,158972,668,
490,8,Codell,1.0271622500000002,1.0278672500000001,1.0465276000000001,1.0465297,55.0,219455.0,12601470.0,10271,360,896.0,,199940,715,
491,13,Codell,1.0321642500000001,1.0321875,1.0448249,1.0452,40.0,3618179.0,4011214.0,10311,271,501.0,34.0,154533,917,40.0
492,13,Codell,1.0321687499999999,1.0321782499999999,1.0448249,1.044464,40.0,93000.0,4193625.0,9916,89,240.0,775.0,115264,958,40.0
493,11,Codell,1.0254020000000001,1.025093,1.0434804,1.0434537,18.0,53266.0,4090720.0,4562,168,298.0,656.0,56559,982,38.0
494,11,Codell,1.0254020000000001,1.0250914999999998,1.043482,1.0434992,18.0,55844.0,4074869.0,4548,188,274.0,617.0,44154,962,0.4
495,11,Codell,1.025083,1.025388,1.0433548000000001,1.0434031,18.0,20417.0,3968780.0,4639,338,194.0,345.0,37809,919,
496,11,Codell,1.02508175,1.025388,1.0433548000000001,1.0434031,18.0,53266.0,4090720.0,4656,338,95.0,737.0,47634,936,
497,24,Codell,1.03223825,1.031777,1.0466234,1.0466213,29.0,96787.0,6900188.0,6720,179,609.0,327.0,86777,783,
498,8,Codell,1.027566,1.02685475,1.0467953,1.0467897,47.0,157833.0,3903158.0,10363,179,219.0,,158945,885,
499,8,Codell,1.0275765,1.02823075,1.0467952,1.0467819,44.0,190172.0,11785276.0,9539,3,956.0,,130789,585,
500,8,Codell,1.027528,1.02823025,1.0468319,1.0468133,52.0,377380.0,10987347.0,10244,4,684.0,,112603,805,
501,8,Codell,1.027528,1.02823025,1.0468355,1.0468389999999999,53.0,355025.0,10725156.0,10231,359,1216.0,,128094,881,
502,8,Codell,1.027529,1.02823025,1.0468705,1.0468597,43.0,192653.0,12117210.0,10221,2,674.0,,102060,724,
503,24,Codell,1.030617,1.0311400000000002,1.0466567,1.0466566,33.0,109983.0,7885912.0,7618,0,719.0,321.0,83255,491,
504,24,Codell,1.030617,1.0300974999999999,1.0466549,1.046652,33.0,106940.0,7586097.0,7569,179,963.0,341.0,99860,571,36.0
505,8,Codell,1.0272085,1.027869,1.0467182,1.0467260999999999,47.0,237526.0,16982644.0,9625,358,923.0,532.0,156594,486,35.0
506,8,Codell,1.02719825,1.026492,1.0467182,1.0467251,45.0,186324.0,13640780.0,10291,181,466.0,359.0,32131,98,36.5
507,8,Codell,1.027881,1.0285864999999998,1.0464128000000001,1.0463985,54.0,202010.0,12208647.0,10286,3,892.0,,186844,847,
508,8,Codell,1.02788275,1.0285835,1.0464493,1.0464464,54.0,204085.0,11920298.0,10209,1,1386.0,,169213,832,
509,8,Codell,1.02788275,1.0285835,1.0464456,1.0464256,54.0,197014.0,12208647.0,10224,4,1090.0,,141446,828,
510,8,Codell,1.027573,1.0282325,1.0471058,1.0471051999999998,51.0,342496.0,9960068.0,9608,0,886.0,,107758,1033,
511,8,Codell,1.02714775,1.026489,1.0462228,1.0462167,48.0,178701.0,10850710.0,9598,179,867.0,,191419,725,
512,8,Codell,1.0271582499999998,1.0278645,1.0462209,1.0462099999999999,47.0,219351.0,14516807.0,10293,2,638.0,826.0,107151,293,36.5
513,8,Codell,1.0271525000000001,1.026487,1.0466024,1.0465993,44.0,194123.0,13302469.0,9696,179,507.0,485.0,34288,80,36.5
514,8,Codell,1.02716275,1.0278675,1.0466023,1.0465945,45.0,206012.0,14084730.0,10269,2,687.0,498.0,54825,151,36.0
515,8,Codell,1.02717975,1.027868,1.0466442,1.0466437,40.0,179720.0,12354370.0,10027,0,628.0,618.0,55852,134,36.0
516,8,Codell,1.02717975,1.02786775,1.0466406,1.0466185000000001,45.0,193436.0,14048830.0,10042,5,688.0,624.0,57155,128,36.0
517,13,Codell,1.0332555,1.033291,1.0461448,1.0463358999999999,20.0,64273.0,3116608.0,5272,274,420.0,550.0,68564,968,40.0
518,13,Codell,1.0324505,1.0323665,1.0463424000000001,1.0459736,40.0,130091.0,6204780.0,10204,95,1086.0,531.0,171000,924,40.0
519,13,Codell,1.032454,1.0324742500000001,1.0463424000000001,1.0467255,41.0,132358.0,6297964.0,10527,271,808.0,296.0,139385,923,40.0
520,8,Codell,1.03119075,1.03184,1.0460892,1.0461076,51.0,298014.0,12503840.0,9472,356,1089.0,,138911,942,
521,24,Codell,1.03117775,1.0316857499999998,1.046668,1.0466686,33.0,111244.0,7714200.0,7401,360,608.0,432.0,86763,649,
522,8,Codell,1.02751725,1.02684325,1.0459423,1.0459595,55.0,206082.0,12496397.0,9831,184,1046.0,,201804,754,
523,13,Codell,1.0315415,1.03152675,1.0453973,1.0450343000000002,50.0,131402.0,6050372.0,9979,91,165.0,630.0,38225,513,40.0
524,13,Codell,1.031543,1.0315417500000001,1.0453973,1.0457773000000001,50.0,129983.0,6031154.0,10444,270,314.0,341.0,67677,516,40.0
525,24,Codell,1.03005725,1.029381,1.0466240999999998,1.046624,45.0,152020.0,9421983.0,9852,180,1145.0,639.0,111476,304,
526,24,Codell,1.0306165,1.03009925,1.0468615,1.0468636,33.0,104317.0,7548585.0,7536,181,702.0,732.0,81544,687,
527,8,Codell,1.03110525,1.0304522500000002,1.0456227,1.0456303,43.0,320882.0,21388720.0,9516,182,602.0,726.0,155342,473,36.4
528,8,Codell,1.02971775,1.029013,1.0458318,1.0458271,55.0,201784.0,12571360.0,10268,179,1105.0,,109884,744,
529,24,Codell,1.031184,1.0316800000000002,1.0468685,1.0468677,35.0,107442.0,7833550.0,7226,0,630.0,344.0,78750,649,
530,13,Codell,1.03261775,1.0326472500000001,1.0467256,1.047106,50.0,128988.0,5709631.0,10456,272,351.0,430.0,97293,767,40.0
531,8,Codell,1.027153,1.0264872500000002,1.0466406,1.046625,45.0,182491.0,13612210.0,9708,177,424.0,603.0,28331,92,36.5
532,8,Codell,1.02715125,1.0278610000000001,1.0460304999999999,1.0460209,45.0,184100.0,13698745.0,10343,2,1194.0,590.0,145080,316,35.2
533,8,Codell,1.027141,1.02649975,1.0460306,1.0460269,41.0,180169.0,12469370.0,9343,179,1333.0,573.0,151150,316,35.2
534,16,Codell,1.02555325,1.0255445,1.0467623000000001,1.0469355,20.0,67530.0,5022950.0,4779,269,392.0,501.0,30508,776,
535,8,Codell,1.02605675,1.02539475,1.04589,1.0458938,45.0,195033.0,12286229.0,9646,181,1003.0,219.0,239034,758,36.2
536,8,Codell,1.02606725,1.02677225,1.0458918,1.0458869,47.0,203310.0,12700600.0,10272,1,721.0,418.0,223567,747,36.6
537,8,Codell,1.0260615,1.02670775,1.0456558,1.0456457,36.0,250538.0,17815080.0,9419,2,791.0,631.0,163492,472,34.2
538,8,Codell,1.0275185,1.02686125,1.0468687,1.0468673000000002,47.0,200107.0,12078150.0,9575,180,752.0,,176352,676,
539,8,Codell,1.0271412500000001,1.026489,1.0464209,1.046409,43.0,165100.0,11093890.0,9563,177,474.0,722.0,21814,68,34.2
540,8,Codell,1.0297180000000001,1.0290139999999999,1.0458701,1.0458786,45.0,206730.0,12677630.0,10259,182,960.0,,113937,744,
541,8,Codell,1.0275180000000002,1.0282215,1.0459037,1.0459278,53.0,198308.0,12175032.0,10271,355,823.0,,167142,793,
542,8,Codell,1.02751325,1.02822125,1.045877,1.0458781000000001,55.0,207219.0,12562440.0,10315,360,1239.0,,147422,790,
543,8,Codell,1.02751775,1.028221,1.0458395,1.0458304,55.0,206078.0,10272721.0,10248,2,1219.0,,141146,739,
544,8,Codell,1.0260580000000001,1.025409,1.0456886,1.0457009000000002,44.0,312918.0,21833980.0,9461,183,575.0,683.0,171896,527,36.1
545,8,Codell,1.02605125,1.02541225,1.0456558,1.0456489,43.0,322764.0,20914530.0,9311,178,937.0,648.0,147421,506,34.6
546,8,Codell,1.0260685,1.0267719999999998,1.0456904,1.0456950999999999,43.0,311524.0,20966440.0,10250,359,1078.0,647.0,182471,478,34.2
547,8,Codell,1.0264330000000002,1.025742,1.0462206,1.0462009,37.0,198330.0,13460618.0,10081,176,1277.0,634.0,169314,300,35.8
548,8,Codell,1.0271515,1.0264894999999998,1.0464928,1.0465106999999998,45.0,178743.0,12477260.0,9712,184,452.0,754.0,22014,77,34.2
549,8,Codell,1.02714425,1.026489,1.0464483,1.0464341,40.0,147849.0,10113680.0,9608,177,457.0,650.0,18809,65,34.2
550,8,Codell,1.0271767500000002,1.0278685,1.0466836,1.0466977,40.0,182266.0,12463714.0,10085,357,361.0,543.0,48545,148,36.5
551,8,Codell,1.02714975,1.0264885000000001,1.0466837,1.0467003000000001,46.0,189887.0,13850275.0,9644,184,522.0,571.0,22378,101,36.0
552,8,Codell,1.0260615,1.02677375,1.0456520999999999,1.0455998000000002,45.0,186324.0,9013586.0,10476,10,640.0,619.0,9898,20,35.8
553,13,Codell,1.032616,1.03256875,1.0467256,1.0471063,40.0,131192.0,5555958.0,10479,267,291.0,564.0,106501,840,40.0
554,13,Codell,1.0331442499999999,1.0331085,1.0465303,1.0469152,40.0,143590.0,5122530.0,10582,268,327.0,446.0,79481,716,40.0
555,13,Codell,1.03314775,1.033197,1.0465303,1.0469138,50.0,125661.0,5704743.0,10554,273,457.0,230.0,80272,737,40.0
556,13,Codell,1.03314775,1.03298925,1.0465303,1.0463561,20.0,61322.0,2831668.0,5311,110,15.0,5000.0,29851,736,40.0
557,8,Codell,1.027153,1.0264912499999999,1.0466443,1.0466525,43.0,177951.0,12978920.0,9643,182,550.0,527.0,35868,109,36.0
558,8,Codell,1.02714975,1.02648825,1.0466801,1.0466712,44.0,183860.0,13333715.0,9640,178,543.0,632.0,38739,105,36.0
559,8,Codell,1.0271515,1.026489,1.0464874,1.0464837,43.0,175050.0,12135551.0,9703,180,706.0,752.0,36323,73,34.2
560,13,Codell,1.0327715,1.032728,1.0463411999999999,1.0459747,51.0,127898.0,5569048.0,10085,93,170.0,306.0,48918,390,40.0
561,13,Codell,1.0327747500000002,1.0328335000000002,1.0463411999999999,1.0467214,51.0,123898.0,5447363.0,10476,274,182.0,478.0,57648,402,40.0
562,13,Codell,1.03277325,1.03273925,1.0463411999999999,1.0467222,51.0,145356.0,5926709.0,10475,268,187.0,540.0,44768,384,40.0
563,13,Codell,1.0333792499999999,1.03337875,1.0461445,1.0465069,50.0,131581.0,5913074.0,9949,270,84.0,655.0,42751,472,40.0
564,8,Codell,1.0271765,1.02786825,1.04668,1.0466735,45.0,194377.0,13769888.0,10079,1,796.0,603.0,63784,142,36.5
565,30,Codell,1.031873,1.03119625,1.0471949999999999,1.0471983,56.0,193715.0,13052294.0,9860,181,516.0,233.0,124946,587,36.0
566,30,Codell,1.031873,1.03258875,1.0471968,1.0471934,52.0,206366.0,10744766.0,10428,1,241.0,451.0,123842,662,36.0
567,13,Codell,1.0325347500000002,1.032461,1.0463411999999999,1.0459778,51.0,129154.0,5351348.0,10039,95,215.0,363.0,37569,432,40.0
568,13,Codell,1.03253825,1.0325532499999999,1.0463411999999999,1.0459789000000002,51.0,128636.0,5720908.0,9953,89,219.0,388.0,37174,434,40.0
569,13,Codell,1.0337415,1.0337637499999999,1.0465226,1.0469098000000001,50.0,122996.0,6068543.0,10632,271,140.0,500.0,62433,580,40.0
570,13,Codell,1.0333755,1.03335425,1.0461445,1.0457915,60.0,129195.0,5759892.0,9696,91,117.0,453.0,45828,613,40.0
571,30,Codell,1.0319189999999998,1.0311937500000001,1.0473955,1.0473997,55.0,205522.0,12785434.0,10567,181,561.0,421.0,103775,550,37.0
572,13,Codell,1.0311165,1.0311572500000001,1.0454312000000001,1.0450354,50.0,145104.0,6085883.0,10897,88,249.0,229.0,50261,501,40.0
573,13,Codell,1.031118,1.03116975,1.0454312000000001,1.0457793000000002,50.0,124887.0,6090476.0,9599,273,375.0,515.0,81000,508,40.0
574,13,Codell,1.03224575,1.03233875,1.0459577,1.0463428000000001,51.0,127142.0,5751915.0,10666,276,127.0,953.0,37815,449,40.0
575,13,Codell,1.0322475,1.03226225,1.0459577,1.0456028000000002,50.0,123367.0,5997984.0,9752,89,130.0,954.0,31089,424,40.0
576,13,Codell,1.0322442500000002,1.03218625,1.0459578,1.0456028000000002,50.0,122617.0,6093046.0,9789,94,320.0,672.0,29401,443,40.0
577,13,Codell,1.0322425000000002,1.0318835,1.0459578,1.0459838000000001,24.0,55142.0,2813022.0,5279,190,159.0,604.0,29467,447,40.0
578,13,Codell,1.03338175,1.03345025,1.0461445,1.0465273000000002,40.0,114911.0,1696859.0,10556,274,207.0,411.0,58778,476,40.0
579,8,Codell,1.02750475,1.02822,1.0457414,1.0457148,57.0,355505.0,25680450.0,10446,5,1191.0,468.0,181042,501,35.1
580,8,Codell,1.02751175,1.0282205000000002,1.0457668,1.0457643,52.0,349459.0,23376901.0,10326,1,743.0,579.0,169808,556,35.2
581,8,Codell,1.0274945,1.0268419999999998,1.0457396,1.0457205,42.0,269057.0,18339206.0,9521,176,1043.0,545.0,177234,551,34.3
582,8,Codell,1.0275015,1.02684225,1.0457668,1.0457719,46.0,324225.0,20531200.0,9605,181,1036.0,562.0,190726,563,37.4
583,24,Codell,1.03005725,1.0293537499999998,1.0466204000000001,1.0465703,52.0,308498.0,18542092.0,10341,170,944.0,540.0,38977,51,35.4
584,24,Codell,1.03005725,1.0293655000000002,1.0466233,1.0465958,52.0,279223.0,18543855.0,10269,175,696.0,589.0,34597,60,35.4
585,13,Codell,1.03317575,1.03311675,1.0455812,1.0452192,50.0,122081.0,5766372.0,9976,94,120.0,483.0,41835,457,40.0
586,13,Codell,1.033174,1.03312425,1.0455812,1.0457733,23.0,50693.0,2711953.0,5324,264,73.0,849.0,18281,447,40.0
587,13,Codell,1.03258025,1.0326102499999998,1.0448373000000002,1.0452018,50.0,121909.0,6037152.0,10021,272,137.0,350.0,34469,496,40.0
588,13,Codell,1.03257875,1.0325255,1.0448373000000002,1.0450504999999999,30.0,70751.0,3629948.0,5907,264,120.0,417.0,46978,493,40.0
589,13,Codell,1.034007,1.03397725,1.0457726,1.0454090999999999,51.0,118753.0,5671315.0,9985,92,117.0,410.0,28421,448,40.0
590,24,Codell,1.03005725,1.03078175,1.0466226,1.0466033000000001,55.0,322829.0,19622283.0,10691,4,888.0,551.0,41540,60,35.2
591,24,Codell,1.03005725,1.03078075,1.0466212,1.0465768,55.0,327633.0,19462453.0,10742,9,1192.0,688.0,46612,53,35.2
592,24,Codell,1.03005725,1.03078175,1.0466248,1.046631,55.0,291926.0,19593654.0,10688,359,828.0,628.0,19856,34,35.2
